budget,revenue,popularity,runtime,vote_average,title,genres,primary_genre,success,profit,roi
57755036,107323371,60.3773601820793,98,6.611888117846714,Movie 1,Romance,Romance,1,49568335,85.82513047000785
192100010,342896533,86.28985701546246,96,7.184686968985837,Movie 2,Drama,Drama,1,150796523,78.49896676215687
128521863,253206827,86.99532434251914,148,3.5429778665752005,Movie 3,Comedy,Comedy,1,124684964,97.01459431847795
156299516,89635602,72.71009622662443,118,5.985175896164717,Movie 4,Drama,Drama,0,-66663914,-42.651388632579
148532820,221133868,74.82958452853647,161,4.578480179545145,Movie 5,Comedy,Comedy,1,72601048,48.878791906058204
134224038,270524761,56.234817069919366,150,7.346318135988268,Movie 6,Romance,Romance,1,136300723,101.54717815895242
36788921,73368473,58.88214092641665,160,4.137333051221643,Movie 7,Adventure,Adventure,1,36579552,99.43089116421761
134120466,332939335,14.231407559641282,118,8.353427493228638,Movie 8,Action,Action,1,198818869,148.23902341645606
161953558,346179511,44.94205965370881,115,5.585648019109962,Movie 9,Horror,Horror,1,184225953,113.75233448097511
94410762,281375537,45.626852104750014,119,4.188018181845321,Movie 10,Horror,Horror,1,186964775,198.0333290816994
92090292,111395762,95.89128573110628,124,5.628130778101976,Movie 11,Action,Action,1,19305470,20.96363208404204
166850211,233236168,43.677599399705656,83,5.452462576851167,Movie 12,Horror,Horror,1,66385957,39.78775729567402
77737383,113466874,55.38492184537301,104,5.573513756962262,Movie 13,Horror,Horror,1,35729491,45.961787779760996
89358551,148740169,53.79188852863115,148,6.513367760984681,Movie 14,,,1,59381618,66.45320155202606
112190146,290571935,64.03940998738838,109,6.127042349481226,Movie 15,Adventure,Adventure,1,178381789,158.99951587548517
89409749,97410154,75.07505030185769,155,3.898662790085416,Movie 16,Drama,Drama,1,8000405,8.948023106518283
140199233,342086201,23.27914574091634,147,3.393474435879818,Movie 17,Animation,Animation,1,201886968,144.0000516978577
149171095,225736957,53.343717490745135,167,7.376492692359243,Movie 18,Action,Action,1,76565862,51.32754572861451
86652971,173707878,82.76585302428701,108,6.358304615569881,Movie 19,Romance,Romance,1,87054907,100.4638456077865
5521373,11491917,46.84835666991364,152,5.154004608475582,Movie 20,Comedy,Comedy,1,5970544,108.13513233030987
107683173,154215397,28.56729709098373,147,7.850146934988443,Movie 21,Horror,Horror,1,46532224,43.21215906221486
4344769,7740371,65.81619846027361,130,5.328350845565742,Movie 22,,,1,3395602,78.15379828018474
107328085,164488655,82.55297218411317,103,7.775790537603645,Movie 23,Thriller,Thriller,1,57160570,53.257793614784056
31349564,21092988,7.250888999811741,93,4.834536765074248,Movie 24,Horror,Horror,0,-10256576,-32.7168058860404
100052376,159374777,77.90225785731549,148,3.4370717852711987,Movie 25,Comedy,Comedy,1,59322401,59.29134656432347
178077808,132397908,82.34314536321534,97,8.595838162799573,Movie 26,Science Fiction,Science Fiction,0,-45679900,-25.651652226087602
107406362,162457707,46.69076983127207,121,5.367306775688239,Movie 27,Drama,Drama,1,55051345,51.255199389399294
107777086,213646086,98.34726002502828,136,7.756155437096267,Movie 28,Adventure,Adventure,1,105869000,98.22959956441947
63250665,123246276,78.8841257300236,162,4.674864799333827,Movie 29,Animation,Animation,1,59995611,94.85372367231237
182009883,392513995,77.59259392467091,91,6.878190672741936,Movie 30,Science Fiction,Science Fiction,1,210504112,115.65531966195483
156716283,115680715,75.0360188667951,161,8.239865239546369,Movie 31,Thriller,Thriller,0,-41035568,-26.184623074553144
195438926,416345129,15.910202218609124,96,3.249864134039882,Movie 32,Adventure,Adventure,1,220906203,113.03081096546754
80757501,103399493,22.50585775884807,109,7.983814588116536,Movie 33,Animation,Animation,1,22641992,28.037014171599985
121716221,182284021,46.93502301497808,167,6.427998029831572,Movie 34,Science Fiction,Science Fiction,1,60567800,49.76148577600023
152079598,402245310,27.13643064598712,154,6.644830523451415,Movie 35,,,1,250165712,164.4965631747659
53286002,27845986,42.10885626107,178,6.138948004835896,Movie 36,Animation,Animation,0,-25440016,-47.742399589295516
33049003,65140628,88.95794688236914,102,8.246850619701855,Movie 37,Science Fiction,Science Fiction,1,32091625,97.10315618295657
62136438,124073104,82.60836229604766,160,3.260600143413825,Movie 38,Animation,Animation,1,61936666,99.67849460569336
197412659,294470482,63.37394796951824,80,4.5661703492150885,Movie 39,Animation,Animation,1,97057823,49.16494387525574
129482111,141468223,85.95391903085925,158,8.254575233154931,Movie 40,Science Fiction,Science Fiction,1,11986112,9.25696368975634
126683192,137664736,78.59346651270768,111,7.514074215191735,Movie 41,Romance,Romance,1,10981544,8.668509078931324
194466162,526862150,43.46950825224816,88,3.105870961071635,Movie 42,Animation,Animation,1,332395988,170.92741718222422
196524628,315434003,20.90545005294457,94,6.102037699258252,Movie 43,Action,Action,1,118909375,60.506093414409115
56831368,75427921,51.90590296092458,107,6.177436084276049,Movie 44,Action,Action,1,18596553,32.722339184233604
11959014,19396850,73.88665937032646,103,5.405292810767462,Movie 45,Horror,Horror,1,7437836,62.19439161121477
57972561,126001970,44.20554027422971,139,4.784359992371938,Movie 46,Adventure,Adventure,1,68029409,117.34760001373755
49900483,43133549,67.01041906860583,114,7.090349102474052,Movie 47,Romance,Romance,0,-6766934,-13.560858719543855
21193880,34410056,10.33841520281332,165,4.246742788228523,Movie 48,Drama,Drama,1,13216176,62.358454421748164
121826171,239962340,75.05246890076894,106,7.793691372430237,Movie 49,Romance,Romance,1,118136169,96.97109252493867
4385357,12592370,81.45864836941314,162,7.81822296460483,Movie 50,Animation,Animation,1,8207013,187.14583556139215
45738553,51744914,70.97694772227358,155,5.491568625436923,Movie 51,Horror,Horror,1,6006361,13.131943636258017
69574553,97274052,96.75909516511018,99,4.701288065457886,Movie 52,Romance,Romance,1,27699499,39.812686974790914
152063092,220247646,82.8385536886034,144,4.703269089544279,Movie 53,Adventure,Adventure,1,68184554,44.83964721695913
187375041,377344363,90.40627905977728,164,5.89374794397726,Movie 54,Horror,Horror,1,189969322,101.38453925675192
12392366,17248068,93.42353726230716,128,7.317475348496153,Movie 55,,,1,4855702,39.18300992724069
89883975,164827418,80.33345119550705,80,5.153212145963153,Movie 56,Thriller,Thriller,1,74943443,83.37798033520436
148697582,364974620,67.75162535864341,89,6.660260072746509,Movie 57,Action,Action,1,216277038,145.44758232854116
148405005,335909384,1.5661395547181396,126,5.294906763495566,Movie 58,Horror,Horror,1,187504379,126.34639849242282
69979792,113081858,47.11674956908934,138,4.8271391349083,Movie 59,Comedy,Comedy,1,43102066,61.59216077692828
38709731,102988804,57.54506756361374,175,3.1491570954947647,Movie 60,Thriller,Thriller,1,64279073,166.05404207019677
162156967,307344308,31.09899697235196,141,3.023484634412344,Movie 61,Action,Action,1,145187341,89.53506203652663
24027075,44444432,32.492340243443735,165,4.363246066992026,Movie 62,Thriller,Thriller,1,20417357,84.97645676804188
87191493,51047952,96.15478215530636,97,5.438437720805973,Movie 63,Adventure,Adventure,0,-36143541,-41.45305895840091
88796277,263434796,89.27937565507185,125,8.107567004172362,Movie 64,Drama,Drama,1,174638519,196.67324453253823
23335235,18841499,85.06872154466872,111,7.790905457582553,Movie 65,,,0,-4493736,-19.257299101551794
135489564,146034348,41.19516836890495,106,4.602991575527939,Movie 66,,,1,10544784,7.78272782691957
138802430,87340331,2.35615649048254,171,4.467242657905796,Movie 67,Comedy,Comedy,0,-51462099,-37.075791108268064
128924625,270742668,8.942002399115694,97,4.363932426420165,Movie 68,,,1,141818043,110.00074113071882
108944665,115672318,31.90744045354276,118,5.035424043173202,Movie 69,Animation,Animation,1,6727653,6.175293668579365
53631083,50950928,2.558548386572021,128,5.9891923173701125,Movie 70,Animation,Animation,0,-2680155,-4.997391158407149
9585377,6914785,2.697828409604613,172,5.632006632189453,Movie 71,Drama,Drama,0,-2670592,-27.861105515203
87544585,66382641,91.74372686259868,161,4.309639192688962,Movie 72,Romance,Romance,0,-21161944,-24.172761799030745
86157821,169013794,70.90969170978636,123,3.782708459661708,Movie 73,Animation,Animation,1,82855973,96.16767466763116
153041741,339832195,31.586643016747114,151,3.075466874917172,Movie 74,Animation,Animation,1,186790454,122.05196620182201
171819422,256603281,14.131813182494364,133,3.923779431999023,Movie 75,Horror,Horror,1,84783859,49.344746951831794
61304654,104202138,51.65193607161263,174,7.23213822116471,Movie 76,Romance,Romance,1,42897484,69.9742698164482
112636935,249481725,1.529269924582081,113,4.4618314160734975,Movie 77,Science Fiction,Science Fiction,1,136844790,121.49193335205722
35119117,19085465,93.90296064195626,150,5.811610860729059,Movie 78,Thriller,Thriller,0,-16033652,-45.65505448214999
37433622,48956688,42.06669681950577,115,6.547806893539468,Movie 79,Science Fiction,Science Fiction,1,11523066,30.782663777499273
90482491,265362016,40.831160568495946,97,8.321045416989643,Movie 80,Romance,Romance,1,174879525,193.27443692946076
195249720,380791736,39.66876715059644,117,8.333130590360517,Movie 81,Romance,Romance,1,185542016,95.02805740259193
102670589,116588762,7.863504708388711,138,7.474402402088154,Movie 82,Drama,Drama,1,13918173,13.5561441066633
56105831,101233160,64.19390173939084,88,3.2109419522910088,Movie 83,Drama,Drama,1,45127329,80.43251155125036
138584340,188008188,73.56735834320698,152,6.450422514512489,Movie 84,Science Fiction,Science Fiction,1,49423848,35.663371489159594
59743503,109367201,67.93641436124074,151,7.719500824989039,Movie 85,Drama,Drama,1,49623698,83.06124600695075
92693393,75485214,14.705113839610036,130,3.1037282685801797,Movie 86,Animation,Animation,0,-17208179,-18.56462304708168
171476398,142631775,58.30517663552367,114,6.29810768193947,Movie 87,Romance,Romance,0,-28844623,-16.821337126523968
70739572,60755099,57.37896393305313,161,8.146584874716176,Movie 88,Romance,Romance,0,-9984473,-14.114409682885839
105157975,299652852,86.97266800619683,84,5.844612455053602,Movie 89,Horror,Horror,1,194494877,184.95494706892177
191066585,445614526,38.533638179189055,93,3.024637217384691,Movie 90,Drama,Drama,1,254547941,133.2247294837033
120208152,108903144,37.77710842228399,171,3.0660801500136445,Movie 91,Animation,Animation,0,-11305008,-9.404526907626032
133862715,129963656,62.23417881310037,109,5.499816224482503,Movie 92,Animation,Animation,0,-3899059,-2.9127296573956385
192273147,447433781,63.67419269645179,83,3.930052004500528,Movie 93,Comedy,Comedy,1,255160634,132.70736864779147
184378299,164172209,47.45923750525325,118,6.986703942559558,Movie 94,Adventure,Adventure,0,-20206090,-10.959039165449726
112665644,122400319,44.86287687071169,163,7.252795589436924,Movie 95,Romance,Romance,1,9734675,8.640322510383024
69394024,201823295,49.92061939315038,143,4.067278772763771,Movie 96,Comedy,Comedy,1,132429271,190.83670807157688
199743196,227360951,86.24348465082788,104,8.33119973114691,Movie 97,Comedy,Comedy,1,27617755,13.82663117095613
173945196,374692020,46.65552322413709,107,5.651447069873555,Movie 98,,,1,200746824,115.40808749900744
52757120,155452980,94.05324740501244,155,3.8570754455515424,Movie 99,Science Fiction,Science Fiction,1,102695860,194.65782059369428
68157848,97857079,50.89637259603628,145,7.585509588416373,Movie 100,Animation,Animation,1,29699231,43.5741911921867
96540567,52497792,94.97086862490823,157,7.739847000100637,Movie 101,Romance,Romance,0,-44042775,-45.62100303388522
86390464,95925226,83.4503582850385,101,6.835772835992745,Movie 102,Action,Action,1,9534762,11.036822304832162
49170987,126723122,36.88070093896708,110,8.12079331921532,Movie 103,Thriller,Thriller,1,77552135,157.71929695045577
187780295,499781403,86.50050070836498,102,7.424237832184028,Movie 104,Romance,Romance,1,312001108,166.1522088885844
24717335,59848043,11.896265135910406,127,8.293234423361945,Movie 105,Science Fiction,Science Fiction,1,35130708,142.1298372174832
61472382,48119016,92.57967035895844,99,5.603328290912877,Movie 106,Comedy,Comedy,0,-13353366,-21.722545256176993
13719242,34144119,63.53270799320627,117,7.485582768596655,Movie 107,Adventure,Adventure,1,20424877,148.8775910505843
49715250,139038365,6.384684103708807,134,8.998509380574266,Movie 108,Horror,Horror,1,89323115,179.6694475035326
84139152,168406519,64.78141564143034,147,7.3495871851177155,Movie 109,Science Fiction,Science Fiction,1,84267367,100.15238446900439
103400391,294917394,97.45051776033084,158,3.685102681422793,Movie 110,,,1,191517003,185.21883829240065
179271906,460208409,7.910264806848263,167,6.109912334575098,Movie 111,Horror,Horror,1,280936503,156.70972059615409
173552610,376162923,55.91408326822855,168,6.524086747458168,Movie 112,Comedy,Comedy,1,202610313,116.7428787155664
92355424,179443180,75.03164062617788,80,4.0452640504283455,Movie 113,Romance,Romance,1,87087756,94.29630900725441
187659194,257362230,81.2156000832536,86,8.777349805068226,Movie 114,Romance,Romance,1,69703036,37.143416485099046
50583876,45435378,41.96891906675879,136,4.053478665807698,Movie 115,Animation,Animation,0,-5148498,-10.178140560047238
198421286,399299981,21.212489357656057,174,4.065347518279337,Movie 116,Science Fiction,Science Fiction,1,200878695,101.23848053277914
112999993,146366504,5.191885598466,91,8.49100282784733,Movie 117,Animation,Animation,1,33366511,29.527887669869145
172625499,460236267,58.39288955262525,84,5.791232598730026,Movie 118,Science Fiction,Science Fiction,1,287610768,166.60966639696724
162226952,483978535,45.83819595649347,129,3.379129675647097,Movie 119,Romance,Romance,1,321751583,198.33423425227147
52327755,124596016,94.92569511982138,121,6.589124999631172,Movie 120,Science Fiction,Science Fiction,1,72268261,138.10693961550615
80018913,58110073,6.999885863776068,91,6.610958091798287,Movie 121,Romance,Romance,0,-21908840,-27.379577125722765
142347872,173908386,68.85413900115456,97,3.387004552119371,Movie 122,,,1,31560514,22.171398529933768
5545583,4285482,3.47165598988566,145,8.835134973801972,Movie 123,Drama,Drama,0,-1260101,-22.72260644191963
189296765,402497758,17.971983494343732,153,6.264179791767454,Movie 124,Action,Action,1,213200993,112.62791152294653
55474455,133858592,45.90432099236058,158,6.3587743330785855,Movie 125,Drama,Drama,1,78384137,141.29771441648234
176760164,497436169,46.03237183748395,173,6.120692487014367,Movie 126,,,1,320676005,181.41870755449173
181844642,290120554,68.88435375043075,96,6.66439067786772,Movie 127,Adventure,Adventure,1,108275912,59.543086235117116
124685547,343314063,91.1110904519079,147,4.58579851664253,Movie 128,Drama,Drama,1,218628516,175.34391215366765
54933927,148031985,64.26418373257715,150,4.723448087849045,Movie 129,Romance,Romance,1,93098058,169.4727886466227
107179285,138581667,95.39997468729938,141,6.068034538776796,Movie 130,Horror,Horror,1,31402382,29.2989284263279
53453338,142840766,88.27994834792176,120,7.840115128581477,Movie 131,Action,Action,1,89387428,167.22515626619986
150099456,216020229,58.86547975754824,174,3.299187458965073,Movie 132,Comedy,Comedy,1,65920773,43.91806256779505
35045666,43532786,83.5454031409639,113,6.620425273321476,Movie 133,Animation,Animation,1,8487120,24.21731691445099
147939822,314029884,64.61518342203976,149,7.840668855037884,Movie 134,Science Fiction,Science Fiction,1,166090062,112.26866421402076
111573005,147382703,8.777225261448987,124,3.941503632223363,Movie 135,Action,Action,1,35809698,32.09530656631504
157396162,326679176,74.31590760269148,137,3.0901352518833978,Movie 136,Comedy,Comedy,1,169283014,107.55218669182037
47321408,95805953,10.395935685467276,130,4.876279770848749,Movie 137,Comedy,Comedy,1,48484545,102.45795095530548
148014660,282500383,59.81419527640153,113,6.528862240377589,Movie 138,Action,Action,1,134485723,90.85973173197844
91053374,132122931,70.56138037996466,123,3.829699040428486,Movie 139,Drama,Drama,1,41069557,45.104926040412295
27063245,50642078,7.586233212874669,94,5.556734225834913,Movie 140,,,1,23578833,87.12492903197676
174660954,347787282,23.848670738726643,157,6.313928984245668,Movie 141,Thriller,Thriller,1,173126328,99.12136859163154
98636744,183880316,91.65155099390331,149,6.593298568543903,Movie 142,Comedy,Comedy,1,85243572,86.42172130093832
100483854,161884375,62.01513473105674,129,4.646470326002251,Movie 143,Adventure,Adventure,1,61400521,61.10486267773925
110174313,59126988,25.382315862242628,111,5.400177815917749,Movie 144,Adventure,Adventure,0,-51047325,-46.333236495879035
8887739,17487997,69.37729734365266,146,7.670035374405352,Movie 145,Animation,Animation,1,8600258,96.76542031668572
195954700,180496022,60.08086557620727,82,8.647288164724113,Movie 146,Horror,Horror,0,-15458678,-7.888903915037507
62071026,130748887,50.65599429187689,165,8.171281986709543,Movie 147,Romance,Romance,1,68677861,110.64399193272558
135987326,326146674,97.64251052382028,165,6.385701010400592,Movie 148,Comedy,Comedy,1,190159348,139.836081488947
90178975,157913600,68.66192396334338,153,5.461756817663679,Movie 149,Thriller,Thriller,1,67734625,75.1113272245554
50007334,92809069,38.16866985712336,130,4.99773968622851,Movie 150,,,1,42801735,85.59091552451086
163651376,471102626,80.20726977560993,146,3.7497393965041086,Movie 151,Horror,Horror,1,307451250,187.86963942179136
8971379,23486338,88.57374599919758,155,3.639307483296678,Movie 152,Adventure,Adventure,1,14514959,161.79183824471133
4331068,12064585,13.396835392166311,172,7.1301457494819465,Movie 153,Adventure,Adventure,1,7733517,178.55912213800386
37810847,95828405,20.85474480668138,127,4.558766497026962,Movie 154,Action,Action,1,58017558,153.44157193833823
35428803,27361517,22.40647390365019,96,4.527970118594681,Movie 155,Comedy,Comedy,0,-8067286,-22.770416488527708
140871965,122907921,69.42996912926749,86,8.989170326866713,Movie 156,Thriller,Thriller,0,-17964044,-12.752036219555821
62553124,113631471,60.700915950275046,92,4.127555747242773,Movie 157,Science Fiction,Science Fiction,1,51078347,81.65594894988779
181033766,201884175,62.28016490516023,145,3.888358556932978,Movie 158,Animation,Animation,1,20850409,11.517414381138158
152968492,258782715,94.1365566692606,83,3.592111366559524,Movie 159,Animation,Animation,1,105814223,69.17386817149247
172116174,255749713,77.8152417479233,89,6.478832071000777,Movie 160,Drama,Drama,1,83633539,48.5913305277167
24841962,46542300,13.665755526666535,167,6.767182956012609,Movie 161,Adventure,Adventure,1,21700338,87.35355927200919
67834972,160578219,35.40320116009292,96,5.191367557541292,Movie 162,Drama,Drama,1,92743247,136.71892869654314
178374243,408249993,44.10397097139783,131,6.212480013068807,Movie 163,Romance,Romance,1,229875750,128.87272631620922
23993420,43262183,40.20019728601289,85,7.730397185669475,Movie 164,Science Fiction,Science Fiction,1,19268763,80.30853042209071
63190751,161514519,67.26155230702604,162,7.90862500993049,Movie 165,Science Fiction,Science Fiction,1,98323768,155.5983533096481
157188486,247910642,89.29741722239969,148,8.74747245429389,Movie 166,Animation,Animation,1,90722156,57.71552249698493
171731194,470850136,31.299094888756013,175,7.945607915537247,Movie 167,Thriller,Thriller,1,299118942,174.17857235651667
32288562,21898124,55.63583650569738,153,6.38904862030456,Movie 168,,,0,-10390438,-32.179934182265534
156569237,451960599,79.15153276944498,88,4.077941795021076,Movie 169,Comedy,Comedy,1,295391362,188.66500703455557
24484187,52316163,42.205587825689584,170,3.5985813462170544,Movie 170,Horror,Horror,1,27831976,113.67327001709306
196995197,285679730,17.64369471153029,156,3.327071339465155,Movie 171,Adventure,Adventure,1,88684533,45.01862702774424
37093880,36829968,48.02014556111108,162,6.999154990712302,Movie 172,Animation,Animation,0,-263912,-0.7114704635912986
185658932,315241082,6.467029553559819,100,7.8452175323879585,Movie 173,Drama,Drama,1,129582150,69.79580707703306
82752859,81627073,94.2959619462254,103,6.052103704104474,Movie 174,Thriller,Thriller,0,-1125786,-1.3604194629698534
133888171,122618672,8.407299314302332,83,3.32828504900184,Movie 175,Drama,Drama,0,-11269499,-8.417098326035092
179283859,366344943,44.40721480980724,103,6.212823447548029,Movie 176,Thriller,Thriller,1,187061084,104.33793931220545
76415325,138136885,53.45824484776409,138,8.614495569147302,Movie 177,,,1,61721560,80.77118038822711
36563453,79534288,98.54507939644128,178,6.585679145594763,Movie 178,Adventure,Adventure,1,42970835,117.52400682725452
169973642,480008062,17.43616054064322,82,7.856564930776889,Movie 179,,,1,310034420,182.40146904659488
51873983,94963134,12.328720342623498,147,7.800915890350503,Movie 180,Thriller,Thriller,1,43089151,83.06505208979229
91586459,178807003,1.8619085591918143,119,8.592774598683917,Movie 181,Thriller,Thriller,1,87220544,95.23301255702002
189110296,136928306,16.40157225006093,127,7.62137259389924,Movie 182,Animation,Animation,0,-52181990,-27.593415643535344
24637222,56519991,21.52002492769909,133,7.486203084078538,Movie 183,Romance,Romance,1,31882769,129.40894472599226
137702141,206520578,63.42751321672614,114,4.404615989823844,Movie 184,Drama,Drama,1,68818437,49.976301385175994
96057280,282582564,22.75097224874864,174,3.3595509319264885,Movie 185,Horror,Horror,1,186525284,194.18130931877315
174667704,446788640,3.031560658203196,135,6.105596790322847,Movie 186,Thriller,Thriller,1,272120936,155.79350376071812
98453338,177826675,82.83521620474639,168,3.746605247680531,Movie 187,Adventure,Adventure,1,79373337,80.6202599245543
3235000,2614063,37.19397439939271,119,8.773175257667948,Movie 188,Thriller,Thriller,0,-620937,-19.19434312210201
24685747,65381175,36.01597197149266,156,4.739548575798171,Movie 189,Action,Action,1,40695428,164.8539458822129
173094412,432641302,30.94542388762473,147,8.117665220305758,Movie 190,Animation,Animation,1,259546890,149.9452737965914
30859174,29669948,97.56195443749569,125,5.325747751214756,Movie 191,Science Fiction,Science Fiction,0,-1189226,-3.853719480631594
171320581,212128410,17.841426313618868,157,4.939165499144265,Movie 192,Action,Action,1,40807829,23.819571917048307
47159303,117120984,89.92556833137027,92,8.610951434259727,Movie 193,Action,Action,1,69961681,148.35181300283423
147412954,141969158,77.90352988184891,106,5.179935432517344,Movie 194,Horror,Horror,0,-5443796,-3.6928884825142303
183153864,511801718,8.571515594431995,85,5.3417274519788185,Movie 195,Romance,Romance,1,328647854,179.43812203710866
149639396,233634766,98.68618104858402,96,3.636550677677455,Movie 196,,,1,83995370,56.1318558115538
22200096,15930731,27.865230390362044,115,7.022679991695056,Movie 197,Science Fiction,Science Fiction,0,-6269365,-28.24026076283634
84375337,214260335,10.759709775218822,178,4.733036486865081,Movie 198,Action,Action,1,129884998,153.93716057098536
108868843,156093339,83.10210917845018,160,6.513625007037043,Movie 199,Science Fiction,Science Fiction,1,47224496,43.37742066387166
24234510,44015879,70.96087783409229,81,6.548110224319257,Movie 200,Horror,Horror,1,19781369,81.62479455949388
186933626,145950458,62.10466178191218,156,7.315198173574602,Movie 201,Science Fiction,Science Fiction,0,-40983168,-21.92391432026253
46968757,23787798,16.44210550619438,131,7.471448917034648,Movie 202,Science Fiction,Science Fiction,0,-23180959,-49.35399716879883
135278815,283404114,48.37111550934023,145,6.086714606409236,Movie 203,Animation,Animation,1,148125299,109.49630139796834
81705119,146083680,78.27504666183417,131,4.985951685620418,Movie 204,,,1,64378561,78.79379136575274
67653416,134213987,31.058769876240184,171,8.024705369008403,Movie 205,Science Fiction,Science Fiction,1,66560571,98.38464180433994
124850419,310173340,31.857293022989104,122,4.8591938964509085,Movie 206,Science Fiction,Science Fiction,1,185322921,148.43596239753109
11274621,23862902,1.3109496987640896,169,6.045054566815988,Movie 207,,,1,12588281,111.65147812950875
148240432,138891442,18.25009676289257,101,5.407515499222368,Movie 208,Science Fiction,Science Fiction,0,-9348990,-6.306639743197725
17816569,24977605,87.6651568870616,134,8.13047031581813,Movie 209,Animation,Animation,1,7161036,40.19312584819221
108147827,298999299,44.732902672133,146,5.591511186874973,Movie 210,Drama,Drama,1,190851472,176.47277554638245
8654909,20986957,98.43921542420895,178,5.316595133024906,Movie 211,Thriller,Thriller,1,12332048,142.4861659435125
38814054,73420379,40.17508839380547,139,7.1389421573858245,Movie 212,Animation,Animation,1,34606325,89.15926432214476
107388866,122327999,71.80345902324389,137,6.614646659168656,Movie 213,Adventure,Adventure,1,14939133,13.911249421332004
100157604,125712942,28.909985247568184,91,3.643481000975077,Movie 214,Animation,Animation,1,25555338,25.51512514217093
150638768,350972537,37.01715447295242,167,6.04901283806378,Movie 215,Comedy,Comedy,1,200333769,132.98951635079757
159428240,418967155,19.88187277149857,148,7.412870329999485,Movie 216,Comedy,Comedy,1,259538915,162.79356467837817
73073914,159196028,35.3591744814401,163,8.952448587548137,Movie 217,Drama,Drama,1,86122114,117.85616683950992
168997441,426519956,55.17651452164367,118,6.774881003821915,Movie 218,Comedy,Comedy,1,257522515,152.38249376805652
12506305,30223241,99.18551521694567,92,5.221758398647907,Movie 219,Thriller,Thriller,1,17716936,141.66403266192532
155777819,136190303,66.75596959410679,120,4.3569095988127104,Movie 220,Thriller,Thriller,0,-19587516,-12.574008370216044
142951830,222985132,20.72534948642309,136,8.236981404919922,Movie 221,Adventure,Adventure,1,80033302,55.98620318466717
124035620,109456411,5.451182717563562,132,7.887391272681016,Movie 222,Thriller,Thriller,0,-14579209,-11.754050167201969
140892447,153303516,13.50929165013655,91,4.40353692467631,Movie 223,Drama,Drama,1,12411069,8.808895909090145
143875872,384601652,56.69296492603169,92,4.203792540879441,Movie 224,Thriller,Thriller,1,240725780,167.31490600453148
41163712,69246827,76.75087255285986,153,7.290820660867054,Movie 225,Romance,Romance,1,28083115,68.22298970510725
86447809,158925241,94.10150152277394,176,4.889712371512557,Movie 226,Thriller,Thriller,1,72477432,83.83952449274913
133863028,126649807,2.566494027685261,136,4.838392790171747,Movie 227,Animation,Animation,0,-7213221,-5.388508767334921
45165849,57842975,52.75325401462511,119,3.913741482405932,Movie 228,Thriller,Thriller,1,12677126,28.067945761409245
130693942,140576419,47.6158682660945,159,4.583853118258979,Movie 229,Thriller,Thriller,1,9882477,7.561541758377753
79826934,81061490,65.9494471755947,124,5.565045345555897,Movie 230,Science Fiction,Science Fiction,1,1234556,1.5465406700951336
50905866,106642799,56.398306592068856,114,7.397030023634493,Movie 231,Action,Action,1,55736933,109.49019706294752
175875390,200886562,69.01687590766558,82,5.017848566482499,Movie 232,Horror,Horror,1,25011172,14.22096178436335
141877636,295110975,66.15017589016985,84,4.971626036879056,Movie 233,Romance,Romance,1,153233339,108.00387102587472
32378291,20920796,12.584160760936674,169,4.709479515314615,Movie 234,Action,Action,0,-11457495,-35.386348834779454
198238369,169381995,80.17207344825324,90,5.869702005066258,Movie 235,Thriller,Thriller,0,-28856374,-14.556402045458716
37634821,44648093,13.20002499591616,150,4.083820187647892,Movie 236,Adventure,Adventure,1,7013272,18.635061396997212
103325205,205887590,70.15453189570458,135,5.913784404192754,Movie 237,Romance,Romance,1,102562385,99.26172902342657
154651082,338624490,42.198391396420064,89,7.22505333716814,Movie 238,Thriller,Thriller,1,183973408,118.96031092753687
17887294,28741168,51.87122272308319,113,3.1787430241957333,Movie 239,Adventure,Adventure,1,10853874,60.679239688239036
120356143,194312259,90.42650342319534,146,3.058676281834571,Movie 240,Romance,Romance,1,73956116,61.44772851353337
98935968,228669924,89.09848892087517,151,3.450737460927056,Movie 241,Romance,Romance,1,129733956,131.1292127853846
111456008,60136393,81.96777425984793,110,6.213960370368673,Movie 242,Thriller,Thriller,0,-51319615,-46.044727351081875
36562619,49459171,51.504689665176,154,8.126730499112421,Movie 243,Comedy,Comedy,1,12896552,35.27250605324526
36213498,92227364,73.88774120324948,150,3.029306796121512,Movie 244,Horror,Horror,1,56013866,154.67676168703724
36703247,73701901,51.77680849636213,145,8.619967827508086,Movie 245,Horror,Horror,1,36998654,100.80485249711013
176127900,236551716,87.09100216500296,149,3.637671069423215,Movie 246,Drama,Drama,1,60423816,34.306782741405534
197962050,547129885,40.87480749005709,120,8.051901168349357,Movie 247,Thriller,Thriller,1,349167835,176.38119781038841
122946771,298952059,97.0532990970728,142,5.89712858989768,Movie 248,Drama,Drama,1,176005288,143.15568157540307
58805563,68346096,93.29995306465888,111,6.956144323673064,Movie 249,Thriller,Thriller,1,9540533,16.223861337744527
141621731,299278524,74.41865932572676,99,6.064097906683094,Movie 250,Adventure,Adventure,1,157656793,111.32245869809346
72244178,143720893,28.66217253343113,136,5.862289351076128,Movie 251,Adventure,Adventure,1,71476715,98.9376818710568
102573977,154165588,14.03370529053258,177,8.009396570186349,Movie 252,Drama,Drama,1,51591611,50.29697834568704
52939266,75035596,85.61564155922655,129,7.535318277406898,Movie 253,Science Fiction,Science Fiction,1,22096330,41.73901844426781
168485586,228955262,17.364926327658168,159,5.900413419138025,Movie 254,Science Fiction,Science Fiction,1,60469676,35.89011822055805
156331731,319368445,85.57181811073623,104,3.6698155763763696,Movie 255,Romance,Romance,1,163036714,104.28894566516378
87641503,140754430,49.58573566452368,91,3.692417755886449,Movie 256,Drama,Drama,1,53112927,60.60248304961178
145639686,375700549,41.24912159700232,150,7.809236764314453,Movie 257,Thriller,Thriller,1,230060863,157.96577795423153
13984808,30403064,90.41588710460849,118,6.1763437280852,Movie 258,Comedy,Comedy,1,16418256,117.40065362356064
15764960,10638652,60.78124727148752,96,5.889534841316175,Movie 259,Drama,Drama,0,-5126308,-32.51710121687591
97946087,205727974,58.08478670584206,124,7.083401048164291,Movie 260,Romance,Romance,1,107781887,110.0420550746453
51402943,60545912,56.31782851781537,90,8.153049500485562,Movie 261,Science Fiction,Science Fiction,1,9142969,17.78685901311137
77241446,153094861,37.74578208593361,149,6.773238866479831,Movie 262,Science Fiction,Science Fiction,1,75853415,98.20299713187659
109276583,240444525,78.7786672493836,102,7.577087414078874,Movie 263,,,1,131167942,120.03298272970339
54777024,58998852,26.027045957561526,170,7.591623144701741,Movie 264,Thriller,Thriller,1,4221828,7.707297132461961
123691547,203119654,93.95060104408624,149,5.137568692757754,Movie 265,,,1,79428107,64.21466052162805
93649393,91384216,89.50453529964912,117,4.644499173845974,Movie 266,Horror,Horror,0,-2265177,-2.418784497620823
179017694,112932809,34.41055224181492,81,7.806984403050952,Movie 267,Comedy,Comedy,0,-66084885,-36.91528112299335
11047453,15976727,73.2169132133347,165,5.2630727507054615,Movie 268,Thriller,Thriller,1,4929274,44.619099081028
36581225,51482977,57.74909625050955,163,8.42001603913623,Movie 269,,,1,14901752,40.73606611041593
35109026,104930389,34.42728089792423,168,3.4181441803807178,Movie 270,Romance,Romance,1,69821363,198.87012245796848
177308486,286509392,98.86364315154924,158,3.349305072452038,Movie 271,Science Fiction,Science Fiction,1,109200906,61.58808778052507
151255355,201763129,3.498497238978156,172,8.56202496060845,Movie 272,Animation,Animation,1,50507774,33.39238733068326
21281689,41524565,26.01195703150738,151,6.89072948508861,Movie 273,Horror,Horror,1,20242876,95.11874738889381
192849071,139221309,52.48733205000389,116,5.277596138689994,Movie 274,Thriller,Thriller,0,-53627762,-27.808151588140134
72450611,210408480,52.673347344377824,128,7.530362488897097,Movie 275,Thriller,Thriller,1,137957869,190.4164327889519
128348283,267914220,59.30437441961085,131,7.033960859961848,Movie 276,Science Fiction,Science Fiction,1,139565937,108.740010959087
47510960,113413153,75.41594103026901,112,6.187206280917577,Movie 277,Action,Action,1,65902193,138.70945356608243
132437871,122663273,62.72430522141034,101,3.593240055975908,Movie 278,Horror,Horror,0,-9774598,-7.380515804274745
120912701,184234033,60.42786459227566,84,7.873077523756509,Movie 279,,,1,63321332,52.369462824256985
96415947,150092901,6.297931828391286,97,8.196139144083748,Movie 280,Adventure,Adventure,1,53676954,55.67227794796228
110169700,281430273,38.276498491140536,117,4.033012131315894,Movie 281,,,1,171260573,155.45161056079849
33797855,17003420,23.973518230414445,116,8.1030699118624,Movie 282,,,0,-16794435,-49.69083097137377
35795514,44820736,27.27164104859557,173,8.267083866099386,Movie 283,Romance,Romance,1,9025222,25.213276725122597
6184502,18263396,55.879409959694144,174,6.296571673731096,Movie 284,,,1,12078894,195.3090806664789
114944584,193936382,20.75102617803124,143,6.937074217336122,Movie 285,Action,Action,1,78991798,68.72163546218063
125001512,182041664,30.100961000672854,89,5.293423920086949,Movie 286,,,1,57040152,45.63156964053363
158666402,126865292,24.47138614321667,158,4.690749885055596,Movie 287,Animation,Animation,0,-31801110,-20.042749819208733
56223954,165040445,94.90179137860127,121,7.3318988817098685,Movie 288,,,1,108816491,193.54115685282468
166165871,91402177,94.52190748493842,127,8.17125089409485,Movie 289,Thriller,Thriller,0,-74763694,-44.99341143284472
147720975,346102941,61.38421430100912,123,6.9244653177344855,Movie 290,Adventure,Adventure,1,198381966,134.2950559323075
95962818,232373916,92.5277244044581,161,6.069543663879295,Movie 291,Thriller,Thriller,1,136411098,142.14995020258786
189223891,209876125,78.79545190136893,166,3.953548601065029,Movie 292,,,1,20652234,10.914178907778616
52910807,115287151,59.40484039737907,176,3.3207522756289087,Movie 293,Adventure,Adventure,1,62376344,117.88960996191193
127736437,93544312,1.6370859381827754,95,5.674150741480479,Movie 294,Thriller,Thriller,0,-34192125,-26.767714681128922
129314487,147757081,77.479112321861,133,3.296097382184528,Movie 295,Comedy,Comedy,1,18442594,14.261815847438655
55847136,137928741,70.54634581725841,114,6.41600779144335,Movie 296,Animation,Animation,1,82081605,146.97549575326477
74150359,197367158,61.91011167495898,177,5.296375147906628,Movie 297,Action,Action,1,123216799,166.17154746344517
166048947,335620793,76.2820068565647,107,7.543134718091816,Movie 298,,,1,169571846,102.12160273440335
93942922,166006169,51.77929431270181,81,4.833890981017101,Movie 299,Drama,Drama,1,72063247,76.70960777651774
158319111,142211732,70.70424386081257,173,6.557896205804592,Movie 300,Thriller,Thriller,0,-16107379,-10.173995355494386
152786915,100499043,93.58203658592284,92,6.226101130530603,Movie 301,,,0,-52287872,-34.222742176579715
102164453,81131098,38.20469656876254,120,3.028274553133447,Movie 302,Animation,Animation,0,-21033355,-20.587742979449025
189928103,202917903,71.10406165516191,159,3.4343363895858623,Movie 303,Drama,Drama,1,12989800,6.839324878635786
189673875,256853754,48.09309398308491,138,4.742209274916123,Movie 304,Animation,Animation,1,67179879,35.418625258750055
79110973,114890794,67.76556552958417,148,8.293410486124591,Movie 305,Romance,Romance,1,35779821,45.22738078319426
40501026,55316480,76.52644021988205,171,3.882089729398672,Movie 306,Adventure,Adventure,1,14815454,36.58044119672425
168381501,184821989,5.4997975431438,132,7.2653659827632495,Movie 307,Animation,Animation,1,16440488,9.76383266710516
12310552,21842743,65.01344395091753,124,8.840199396913725,Movie 308,,,1,9532191,77.43106076803055
166363810,426426258,23.447377256287517,99,7.743405316146931,Movie 309,Science Fiction,Science Fiction,1,260062448,156.32152689938997
156322520,187471164,67.33322124294911,103,4.457672170122264,Movie 310,Action,Action,1,31148644,19.925883999311168
22739356,64942862,47.36468840744754,140,8.45019156247849,Movie 311,Horror,Horror,1,42203506,185.5967512888228
146689489,393618016,77.58172144462384,170,3.5586429390503405,Movie 312,Adventure,Adventure,1,246928527,168.33416537431663
154794431,139997713,13.216680705354046,173,5.808851651224415,Movie 313,Action,Action,0,-14796718,-9.558947246622845
19877237,49011102,63.00591281396331,137,8.325251446358482,Movie 314,Thriller,Thriller,1,29133865,146.56898743019465
47918818,92793279,28.56860216382768,106,6.847594255541218,Movie 315,Thriller,Thriller,1,44874461,93.64684454445434
116797711,223835619,85.44521753772855,105,5.481867388366193,Movie 316,Horror,Horror,1,107037908,91.64384052012801
158922984,234825698,92.90996705799444,86,4.756877200423013,Movie 317,Comedy,Comedy,1,75902714,47.760690171787864
106996448,187552201,99.64343107422648,121,5.2505964319101,Movie 318,Comedy,Comedy,1,80555753,75.2882497557302
78633091,117395032,79.80473284030104,126,6.053650686055717,Movie 319,Horror,Horror,1,38761941,49.29469324816444
56403796,104309319,75.61967297237246,132,4.914263579236844,Movie 320,Thriller,Thriller,1,47905523,84.93315414444801
106797503,221057495,22.334575127887557,138,8.813807172493798,Movie 321,Thriller,Thriller,1,114259992,106.98751262002821
158725830,346936493,34.26469884002076,117,8.59846591839687,Movie 322,Adventure,Adventure,1,188210663,118.57595137476994
144623362,264834731,47.10257163446568,148,8.224028809285924,Movie 323,Animation,Animation,1,120211369,83.12029767362206
141071312,324965549,77.56472373044272,166,5.53097901313592,Movie 324,Thriller,Thriller,1,183894237,130.35551622288733
25947744,22138488,91.58162064271887,171,7.147810616011373,Movie 325,Comedy,Comedy,0,-3809256,-14.680490142033156
183708911,189212136,19.72477090227548,177,8.416975842215788,Movie 326,Romance,Romance,1,5503225,2.995622242842646
134894603,343554634,92.31438098234018,132,8.102576926073567,Movie 327,,,1,208660031,154.6837503943727
38856186,50758610,69.86684058305174,94,5.485962084121246,Movie 328,Romance,Romance,1,11902424,30.631992548110613
49673237,27679644,61.46630233781882,175,3.674316295933564,Movie 329,Adventure,Adventure,0,-21993593,-44.27654473172345
66293686,58635298,20.78428585691201,105,3.453782183007297,Movie 330,,,0,-7658388,-11.552213283177526
2983509,3159643,6.496978248105905,127,6.462384271354216,Movie 331,Comedy,Comedy,1,176134,5.9035853419580775
118556893,343021514,57.27802495228605,174,6.855767611265589,Movie 332,Horror,Horror,1,224464621,189.33072158022898
153516645,296686816,65.50005264956035,98,8.099055627582144,Movie 333,Animation,Animation,1,143170171,93.26035688182216
178780965,506276737,21.867363486114137,88,4.7550901220461865,Movie 334,Thriller,Thriller,1,327495772,183.18268502466134
78729132,152569844,56.08916437672018,143,4.004822943300255,Movie 335,Action,Action,1,73840712,93.79083717066766
74214389,126044686,85.79284687349478,172,5.274034999069197,Movie 336,Horror,Horror,1,51830297,69.83860906003012
134568263,172828607,83.67152860004698,133,5.12145074179365,Movie 337,Comedy,Comedy,1,38260344,28.43192231737434
27365210,55166275,92.80816287804342,130,3.794813724107129,Movie 338,Romance,Romance,1,27801065,101.59273398596247
193463073,164055730,37.222695146131166,118,7.033695915078913,Movie 339,Animation,Animation,0,-29407343,-15.200494101528097
162398036,445888828,32.48690768254095,83,6.052151644376256,Movie 340,Adventure,Adventure,1,283490792,174.56540669001689
12326237,31719487,75.19317459210006,82,7.326736536688598,Movie 341,Science Fiction,Science Fiction,1,19393250,157.3330936278444
87343264,113007214,43.6801281046035,143,5.116146721018408,Movie 342,Science Fiction,Science Fiction,1,25663950,29.38286116717598
62864219,181174290,9.66731773875028,108,4.954213269466214,Movie 343,Romance,Romance,1,118310071,188.19938095468902
189652398,486079459,28.99731193637947,90,5.835455118263134,Movie 344,Horror,Horror,1,296427061,156.3001913637812
34255876,74190253,42.43964626761743,176,8.264444072370882,Movie 345,Drama,Drama,1,39934377,116.57672102736475
184331835,148277408,29.959126122148948,137,3.2416878404038822,Movie 346,Animation,Animation,0,-36054427,-19.5595226402428
151118204,256233768,33.88835152378484,154,7.828996903778832,Movie 347,Science Fiction,Science Fiction,1,105115564,69.55850534062726
133166290,235074308,30.083814711264687,106,5.213925675946539,Movie 348,Animation,Animation,1,101908018,76.52688829883299
41820227,45223489,5.108417551124865,176,8.127714154730867,Movie 349,Thriller,Thriller,1,3403262,8.137837224078195
105436258,73796258,64.0723753816198,100,7.813218053015139,Movie 350,Adventure,Adventure,0,-31640000,-30.0086522418123
80688895,197026876,60.13194961499346,118,5.092567484376531,Movie 351,Science Fiction,Science Fiction,1,116337981,144.18090742226673
88927856,71594716,65.68496634938938,174,7.163259211929696,Movie 352,Horror,Horror,0,-17333140,-19.491237931115755
188276799,373866299,20.03867970732912,125,3.957796540640641,Movie 353,Science Fiction,Science Fiction,1,185589500,98.57268712115719
13707035,38943371,30.269799619636043,145,8.377689312982728,Movie 354,Thriller,Thriller,1,25236336,184.11228978404154
140348125,377573365,62.34197676754731,170,5.426946386711457,Movie 355,,,1,237225240,169.02629800006235
71560220,85470207,60.36312927753222,115,5.733753692131201,Movie 356,Comedy,Comedy,1,13909987,19.438155723948306
127960685,336360219,51.12670062607251,154,7.234554306221909,Movie 357,Drama,Drama,1,208399534,162.8621587951018
172216244,86251279,35.690911751009544,161,7.925041420229106,Movie 358,Drama,Drama,0,-85964965,-49.916873695143416
37481541,20398186,91.3801694726943,144,4.418056459969257,Movie 359,Science Fiction,Science Fiction,0,-17083355,-45.57804867201165
67385640,135201396,34.63725398758554,142,6.9681008392619725,Movie 360,Drama,Drama,1,67815756,100.63829029449005
67880548,95847031,46.10629648728791,178,5.351988263334891,Movie 361,Horror,Horror,1,27966483,41.19955395763746
79384476,116389716,68.13326926446666,114,5.212217544023768,Movie 362,Romance,Romance,1,37005240,46.61520975461247
126218996,241217467,54.75912165580965,110,7.140154943643928,Movie 363,Drama,Drama,1,114998471,91.11027233967222
43058334,42173749,35.34171166007417,107,5.323099644935606,Movie 364,Action,Action,0,-884585,-2.0543874270658034
113184418,116510724,44.12883425519448,80,5.076651000986446,Movie 365,Adventure,Adventure,1,3326306,2.938837393677282
184960251,316560203,79.6536009674971,104,8.015330448757455,Movie 366,Comedy,Comedy,1,131599952,71.15039652492686
174986784,417454397,28.53478639317463,122,3.6076567429860384,Movie 367,Thriller,Thriller,1,242467613,138.56338602119806
56174259,115086697,15.083268737904726,163,7.055355736981264,Movie 368,Science Fiction,Science Fiction,1,58912438,104.8744372400177
191906558,238614238,32.00315698114793,146,4.492352362743748,Movie 369,Action,Action,1,46707680,24.338761784263777
44369428,69919250,85.10388733330223,142,3.092989450957142,Movie 370,Horror,Horror,1,25549822,57.584294302824915
15650271,14502509,9.80998177077832,130,4.000585613236153,Movie 371,Romance,Romance,0,-1147762,-7.333815497507998
166943254,114618987,99.17791126387272,81,6.639969178655207,Movie 372,Drama,Drama,0,-52324267,-31.342546491875616
80348896,197396354,54.55928699383859,161,7.254763148915624,Movie 373,Action,Action,1,117047458,145.6740090118973
19992383,23260508,98.4997286527423,143,3.12634670133792,Movie 374,Science Fiction,Science Fiction,1,3268125,16.346850698088367
192094911,181417501,93.96064578651178,153,3.218552659810321,Movie 375,Action,Action,0,-10677410,-5.558403366552485
85574185,190748721,45.82855770688076,148,8.415252689057718,Movie 376,Adventure,Adventure,1,105174536,122.90451378531972
137206901,280605837,20.65061638592956,88,3.439834908682319,Movie 377,Romance,Romance,1,143398936,104.51291804921678
37635193,78393130,17.323592879948706,81,8.365092951699427,Movie 378,Animation,Animation,1,40757937,108.2974039750507
33474983,35893099,24.758947023125792,113,4.368995482505435,Movie 379,Thriller,Thriller,1,2418116,7.223651166604029
34999533,37855979,71.3031314158892,139,7.440106800949277,Movie 380,Thriller,Thriller,1,2856446,8.16138318188417
149934423,157731998,28.022049478417298,140,4.858399493676073,Movie 381,Horror,Horror,1,7797575,5.200656956541594
92992689,86890647,34.80110169082553,110,8.152512153655103,Movie 382,Adventure,Adventure,0,-6102042,-6.56185133005456
199184878,426118038,45.42910159546686,89,7.202729192546148,Movie 383,Action,Action,1,226933160,113.93091798866377
199198934,521909117,91.41003536172418,155,5.410880751610171,Movie 384,Horror,Horror,1,322710183,162.0039708646232
65785345,152016359,19.749948370599764,115,3.4578147250444773,Movie 385,Horror,Horror,1,86231014,131.07936729677408
18882750,46833640,1.4976287083705082,164,7.396201103224842,Movie 386,Science Fiction,Science Fiction,1,27950890,148.02340760747242
79725274,120544301,6.949544627438845,128,6.701308535791089,Movie 387,Romance,Romance,1,40819027,51.19960704054777
195521577,417475615,90.57186782633168,149,3.0174703070027324,Movie 388,,,1,221954038,113.51894834604369
11192257,15507886,65.10413001949294,128,3.056519135834672,Movie 389,Action,Action,1,4315629,38.55905917814432
44167705,80109685,28.031021313452868,82,7.852757839156164,Movie 390,Thriller,Thriller,1,35941980,81.37615481719052
156348071,266430733,18.54205760010792,153,4.556398432811124,Movie 391,Adventure,Adventure,1,110082662,70.40871134252752
41869792,39450465,30.13240692707432,84,6.816802006368394,Movie 392,Adventure,Adventure,0,-2419327,-5.778215951013084
50913224,74725181,12.36489579787673,169,5.725286518591485,Movie 393,Animation,Animation,1,23811957,46.76968993360153
65356138,190157323,94.21175811815966,140,8.180580087130604,Movie 394,Animation,Animation,1,124801185,190.95556870266722
92959541,104249537,78.63641126216142,164,8.501766678614931,Movie 395,Comedy,Comedy,1,11289996,12.145064270487307
188225564,157075991,46.77672651434153,169,8.980846276073123,Movie 396,Horror,Horror,0,-31149573,-16.549066098162946
193332313,298979055,86.631297906405,105,3.9221048148434807,Movie 397,Animation,Animation,1,105646742,54.64515494624016
27658609,68478410,25.69636222503,151,8.177784278852853,Movie 398,Science Fiction,Science Fiction,1,40819801,147.5844320298248
165241932,323109211,71.99493627874716,84,4.596128260372811,Movie 399,Thriller,Thriller,1,157867279,95.53705714358266
83008891,182821858,85.7571174023606,94,6.544895249373046,Movie 400,Drama,Drama,1,99812967,120.24370618323283
49715257,48434448,36.32010245070399,95,6.034637003215265,Movie 401,Romance,Romance,0,-1280809,-2.5762896086406633
23268806,47639866,75.98898009962105,80,3.107928789434326,Movie 402,Thriller,Thriller,1,24371060,104.73704581146106
7512440,9831913,30.212162577166627,95,8.596627679436569,Movie 403,Horror,Horror,1,2319473,30.875095175468953
13431395,34730342,30.586856390644048,116,3.469962330895311,Movie 404,Animation,Animation,1,21298947,158.5758366871051
30093907,62392102,11.59866067686442,82,7.129313516446415,Movie 405,Romance,Romance,1,32298195,107.32469865079332
108219264,107909832,44.56574660443047,131,7.710041017249573,Movie 406,Drama,Drama,0,-309432,-0.2859306084358511
37253447,24644708,73.2414787432448,126,7.771727094286105,Movie 407,Action,Action,0,-12608739,-33.845831769607784
63134783,38296487,94.0818597515572,174,3.8129671135730687,Movie 408,Thriller,Thriller,0,-24838296,-39.341698537238976
94560813,135082146,60.77590220098051,92,5.685419703047833,Movie 409,Animation,Animation,1,40521333,42.85214108723875
197678031,230221338,86.45041823583817,159,7.976573222603879,Movie 410,Drama,Drama,1,32543307,16.462783868987444
65447435,138436070,82.42697027973249,134,4.816075262272528,Movie 411,Adventure,Adventure,1,72988635,111.52252949256147
50895282,88981981,18.16096224455281,100,5.8064920522479815,Movie 412,Romance,Romance,1,38086699,74.83345705796462
110500886,128738857,49.09592546235052,145,4.636763356199075,Movie 413,Thriller,Thriller,1,18237971,16.504818793941617
119613134,104433562,12.575430017013757,133,5.781308507311945,Movie 414,Animation,Animation,0,-15179572,-12.690556205976511
3503771,2866082,68.53316299460187,106,8.327027535557281,Movie 415,Action,Action,0,-637689,-18.200076431935763
71286689,189740285,95.04006715636152,117,5.730745386196617,Movie 416,Thriller,Thriller,1,118453596,166.1650971052955
136213889,151019646,14.571856349796894,169,6.335472102445922,Movie 417,Romance,Romance,1,14805757,10.86949143636887
5183839,11037827,73.65442994945158,137,5.423857699818502,Movie 418,Horror,Horror,1,5853988,112.92765844000942
68775190,173775291,63.59157693591823,141,5.760703099219953,Movie 419,Romance,Romance,1,105000101,152.6714808057964
155370901,316211367,58.77689866380187,125,3.0910451942785304,Movie 420,Adventure,Adventure,1,160840466,103.52032778647529
68227698,180729241,39.621903234145584,168,4.702473059762736,Movie 421,Action,Action,1,112501543,164.8913070465898
121680088,180206300,36.15803312762744,90,5.6194903304509465,Movie 422,,,1,58526212,48.09843004058314
130027769,375852479,5.479669712869898,151,6.802781855956374,Movie 423,Comedy,Comedy,1,245824710,189.05554705010744
184157310,153377719,22.57296211694933,87,5.700311583323353,Movie 424,Drama,Drama,0,-30779591,-16.713749239712506
191442685,144610793,2.502511346395863,176,5.026902259929384,Movie 425,Horror,Horror,0,-46831892,-24.46261762365065
157943484,339062073,58.56029345262003,150,5.328592412064943,Movie 426,,,1,181118589,114.67303646410636
114531029,327224066,11.479470351912976,143,4.453759975202799,Movie 427,Science Fiction,Science Fiction,1,212693037,185.70778491826874
122690425,309450851,87.42892000894189,100,8.546965696644317,Movie 428,Romance,Romance,1,186760426,152.220864831139
131997589,91215897,52.79115904901936,151,6.130459354745487,Movie 429,Action,Action,0,-40781692,-30.895785528325064
2079600,2492232,70.26930099681213,142,3.0804567232327384,Movie 430,Action,Action,1,412632,19.84189267166763
161409267,456109856,41.67485209220915,164,3.11667755051728,Movie 431,Science Fiction,Science Fiction,1,294700589,182.57972077898106
167793897,190051100,56.49740109110382,143,8.837769809712249,Movie 432,Comedy,Comedy,1,22257203,13.264608187745946
44381573,108864716,94.32325851969642,99,4.32870534823947,Movie 433,Science Fiction,Science Fiction,1,64483143,145.29260375696913
160267818,410739250,9.190669922743403,87,7.833649732885888,Movie 434,Horror,Horror,1,250471432,156.2830486654532
9849851,17125248,26.13983942044592,137,3.349651809363447,Movie 435,Comedy,Comedy,1,7275397,73.86301579587347
61779108,90560281,78.21884436414389,125,8.526976420167294,Movie 436,Thriller,Thriller,1,28781173,46.587226542668766
96534048,156897857,10.77498348138392,110,8.24650202200007,Movie 437,Action,Action,1,60363809,62.53110715920667
67009351,71526567,8.490449286506975,172,6.426558974607088,Movie 438,Adventure,Adventure,1,4517216,6.741172586494681
86871668,236593014,36.792598476649815,88,3.0539919436995344,Movie 439,Action,Action,1,149721346,172.3477279151587
93526139,152124861,10.1246278887708,94,4.546865244140026,Movie 440,Science Fiction,Science Fiction,1,58598722,62.65491404493881
122637867,331876292,58.9227657784141,173,5.44093588439079,Movie 441,Animation,Animation,1,209238425,170.6148599273991
120193195,91855690,23.401249830843383,105,5.76038470048537,Movie 442,Drama,Drama,0,-28337505,-23.57663010788589
85890726,255154564,89.67409835673786,89,4.786072551374232,Movie 443,Comedy,Comedy,1,169263838,197.06881741807607
99129091,159417691,78.56650800368041,108,3.19768720947318,Movie 444,Science Fiction,Science Fiction,1,60288600,60.818271802774824
127800645,79182346,70.27081540384815,159,6.540764435559253,Movie 445,Science Fiction,Science Fiction,0,-48618299,-38.04229548293751
30549535,18178641,62.07745871106569,115,6.144928006168536,Movie 446,Drama,Drama,0,-12370894,-40.4945410789395
135667123,320923040,86.48310730380487,163,4.698003812574466,Movie 447,Horror,Horror,1,185255917,136.55181366232702
157138845,337469629,23.08314409273293,116,3.227855805417639,Movie 448,Drama,Drama,1,180330784,114.75888345749263
175526510,439751198,87.43777543365853,165,8.96756512333164,Movie 449,,,1,264224688,150.53263920076802
52592034,40149749,79.15973754398118,150,5.891917120958436,Movie 450,Action,Action,0,-12442285,-23.65811712093128
54386038,32029415,75.06792181238087,102,7.536025450644463,Movie 451,Romance,Romance,0,-22356623,-41.107283821630844
58351079,103365915,56.56431212941748,120,5.713884210308013,Movie 452,,,1,45014836,77.14482194922222
166748531,244951604,25.37817193608941,172,3.2590217451776486,Movie 453,Adventure,Adventure,1,78203073,46.89880776221051
34266319,56706212,42.931243683197735,159,4.857604470513,Movie 454,Science Fiction,Science Fiction,1,22439893,65.48673348893998
165720908,493677782,79.56349479934136,107,4.920660846035407,Movie 455,Science Fiction,Science Fiction,1,327956874,197.8971017947838
138597297,405656948,4.14606995137512,127,8.030117424294096,Movie 456,Horror,Horror,1,267059651,192.6874887033331
71009467,202788017,78.42302615711206,117,6.925379867999246,Movie 457,Thriller,Thriller,1,131778550,185.57884683178935
117372585,288690395,24.76700330826908,110,4.652579421836837,Movie 458,Science Fiction,Science Fiction,1,171317810,145.96066875412174
45910237,63682245,15.2866108714387,93,8.806439727954515,Movie 459,Animation,Animation,1,17772008,38.71033817577548
177383634,271455022,12.454430499849911,176,4.929250994387228,Movie 460,Adventure,Adventure,1,94071388,53.032732433478046
195073232,365575061,3.697751183130696,152,8.989404154972322,Movie 461,,,1,170501829,87.40401092037067
103310007,266161304,52.83506203692384,170,8.97698215902158,Movie 462,Romance,Romance,1,162851297,157.63361336332113
90473854,60778713,22.60772739667922,167,4.147263106480451,Movie 463,Comedy,Comedy,0,-29695141,-32.821792912679506
7319707,11424175,98.95374481218352,156,4.876446697130401,Movie 464,Adventure,Adventure,1,4104468,56.07421171366559
69532150,49127534,57.86923883134837,169,5.916265190907925,Movie 465,Romance,Romance,0,-20404616,-29.345584740296392
4695961,8390010,14.650641666245033,108,6.984604026887346,Movie 466,Science Fiction,Science Fiction,1,3694049,78.66438839675202
109880612,301869737,69.18749154032517,130,6.168284694022796,Movie 467,Thriller,Thriller,1,191989125,174.72520538928197
109011636,267755722,89.8766130844628,128,8.816648814793542,Movie 468,Adventure,Adventure,1,158744086,145.62123074641315
79911293,85473601,74.77277004159183,122,7.343934985414149,Movie 469,Romance,Romance,1,5562308,6.960603177826193
101846358,299425962,8.567546242905319,171,4.272269096297847,Movie 470,Action,Action,1,197579604,193.99771172966246
37396424,81089508,89.6925339380733,171,3.6305853012818297,Movie 471,Thriller,Thriller,1,43693084,116.83759923141315
5294539,2785294,79.5990092001365,151,7.13040774425614,Movie 472,Horror,Horror,0,-2509245,-47.393078037577965
146826804,167167266,16.672086110455822,166,3.950714641084578,Movie 473,Action,Action,1,20340462,13.853371077940238
173716665,200083944,6.12680298454887,172,7.726061042014525,Movie 474,Comedy,Comedy,1,26367279,15.178324428459412
136021056,91560637,56.17374695611654,84,4.866220003562022,Movie 475,,,0,-44460419,-32.686423931306635
21840174,63327032,16.447545322657714,121,4.961359578333639,Movie 476,Science Fiction,Science Fiction,1,41486858,189.95662763492635
2043233,3464584,83.62450430693194,86,3.064790354337072,Movie 477,Action,Action,1,1421351,69.56382360699929
135747253,371884553,36.4751310104957,121,7.206067602570244,Movie 478,Comedy,Comedy,1,236137300,173.95364899207206
117376111,153239062,91.37635202892096,115,3.6796185183881143,Movie 479,Thriller,Thriller,1,35862951,30.553875651920347
152171559,123728248,57.00312904195957,106,7.637283464781109,Movie 480,Thriller,Thriller,0,-28443311,-18.691607805634693
129565108,218426077,19.084566039727147,137,5.951206931503241,Movie 481,Adventure,Adventure,1,88860969,68.58402726758813
57996736,45521150,14.820287868620207,125,7.705678889727414,Movie 482,Animation,Animation,0,-12475586,-21.510841575636256
75583311,129628307,58.07077131821764,145,6.503559235186447,Movie 483,Comedy,Comedy,1,54044996,71.50387471117797
72709884,203641695,76.42647757438195,104,3.4945996321139443,Movie 484,Adventure,Adventure,1,130931811,180.0742949885603
138917119,250317584,78.36905912647603,152,7.593914020231098,Movie 485,Science Fiction,Science Fiction,1,111400465,80.19203522353497
183704988,374987681,28.299983039686847,106,3.4187969093684982,Movie 486,,,1,191282693,104.12493154513585
192555830,171682025,21.22042913230458,80,5.8722103234159935,Movie 487,Thriller,Thriller,0,-20873805,-10.84039106995618
16192217,9866550,2.658874144745859,166,4.03409528486978,Movie 488,Animation,Animation,0,-6325667,-39.06609576687367
187713743,145857314,68.24071596891577,153,7.51401106786731,Movie 489,Action,Action,0,-41856429,-22.2980099011717
145510386,290486594,8.580257584920359,121,8.46954736683676,Movie 490,Science Fiction,Science Fiction,1,144976208,99.63289355853952
34698788,25591371,42.655358974826655,131,6.324756980149646,Movie 491,Drama,Drama,0,-9107417,-26.2470752580753
62819576,90459072,60.56653423781131,104,6.162883765795083,Movie 492,Comedy,Comedy,1,27639496,43.99822119143243
127184732,238500606,93.77378554704802,133,7.583779177953708,Movie 493,,,1,111315874,87.52298507025199
126838555,186659675,31.86841155862109,146,3.030472877854363,Movie 494,Science Fiction,Science Fiction,1,59821120,47.16319891849919
198579844,180550681,25.72744408220546,85,8.506551855810965,Movie 495,Comedy,Comedy,0,-18029163,-9.079049835490856
136965742,162232944,65.76185527432375,137,4.18469290254679,Movie 496,Adventure,Adventure,1,25267202,18.447826172474574
175928880,496259099,62.30466417330459,149,8.904713302957424,Movie 497,Action,Action,1,320330219,182.07938287335202
185514285,406268063,33.87886854750433,132,7.417523687762773,Movie 498,Horror,Horror,1,220753778,118.99556845447239
181433853,315716603,92.88208171546889,145,7.645506886204027,Movie 499,Romance,Romance,1,134282750,74.01195960932384
70397491,37436486,84.64137042147364,137,6.937217882241639,Movie 500,Romance,Romance,0,-32961005,-46.821278048105434
158512907,472533078,23.174272040643032,161,5.829979096710962,Movie 501,Horror,Horror,1,314020171,198.10384967578696
74706383,162758115,24.675111998017798,166,6.429766160166993,Movie 502,Thriller,Thriller,1,88051732,117.86373327698116
152759065,197411485,51.71773434182098,81,3.2784173160907537,Movie 503,Science Fiction,Science Fiction,1,44652420,29.230618817940524
58399769,157572601,77.58363807134131,155,6.743757056592086,Movie 504,Horror,Horror,1,99172832,169.81716485899113
155497574,178212512,5.359997559457975,101,6.756588611922281,Movie 505,Science Fiction,Science Fiction,1,22714938,14.60790507252544
146188451,271916578,69.64018021973595,116,8.347204784410856,Movie 506,Horror,Horror,1,125728127,86.0041447460169
117710653,246036088,65.1753538408276,99,6.033938144581317,Movie 507,Horror,Horror,1,128325435,109.01769018306271
107402148,113057776,23.916529495385834,103,3.4628662445163663,Movie 508,Adventure,Adventure,1,5655628,5.265842541622166
101952086,300350151,68.45394831089352,163,4.837175522892487,Movie 509,Adventure,Adventure,1,198398065,194.59931893889842
51018037,120937224,94.07813593395618,144,6.933776472685905,Movie 510,Action,Action,1,69919187,137.04797579726556
44351876,84026095,5.631798652205084,144,4.435553176508783,Movie 511,,,1,39674219,89.45330519953654
51166883,48684598,32.64555347391419,160,4.683166931132406,Movie 512,Thriller,Thriller,0,-2482285,-4.851350823930392
195579233,124123483,44.37949494996917,80,7.922814098165121,Movie 513,Horror,Horror,0,-71455750,-36.535448525866755
47787763,62131240,90.02677553354427,173,6.505918390576254,Movie 514,Comedy,Comedy,1,14343477,30.01495801341444
66732489,159021408,96.26388321430652,82,6.051164590641435,Movie 515,Adventure,Adventure,1,92288919,138.29683319619625
4693305,5506787,44.9674094031369,125,4.910711800834826,Movie 516,Animation,Animation,1,813482,17.33281770522052
14470137,26753699,75.25281280207693,134,7.3855682155982,Movie 517,Drama,Drama,1,12283562,84.8890511541114
5466271,12681026,53.634441352683815,154,4.726310606940176,Movie 518,,,1,7214755,131.98677855525276
189934912,146223155,54.24051053939628,167,7.4223811058650515,Movie 519,Comedy,Comedy,0,-43711757,-23.01407178897158
170124855,376527991,28.531851991569287,165,3.420608881604652,Movie 520,Thriller,Thriller,1,206403136,121.32450370053218
145713028,106323477,22.478668340524077,143,8.187248049492503,Movie 521,Drama,Drama,0,-39389551,-27.032278129584952
163927107,477490869,29.512529246480074,124,5.997398780255597,Movie 522,Drama,Drama,1,313563762,191.28243506426304
35654999,61361730,56.07647271845085,105,5.63104810019382,Movie 523,Horror,Horror,1,25706731,72.09853238251388
28451727,24943352,3.8863634161868106,156,6.666140469251547,Movie 524,Science Fiction,Science Fiction,0,-3508375,-12.33097379290895
75815222,102802339,90.81764549128415,144,6.745152437377623,Movie 525,Science Fiction,Science Fiction,1,26987117,35.59590843115911
29997889,46002996,16.472087245427844,103,3.792211061339973,Movie 526,Thriller,Thriller,1,16005107,53.35411101761194
114865200,275155282,22.78877901026727,153,7.53740153889728,Movie 527,,,1,160290082,139.5462524768163
100967871,238138727,52.30934146831699,114,4.655569787700378,Movie 528,,,1,137170856,135.85594569979594
49978079,101448066,71.30136186739065,103,8.429771281019484,Movie 529,Drama,Drama,1,51469987,102.98512473838781
12726298,9733413,10.477176419695333,107,7.907103980488995,Movie 530,Horror,Horror,0,-2992885,-23.517326091216788
56723671,49855763,32.45177505716906,179,5.077596249208491,Movie 531,,,0,-6867908,-12.10765784182057
57564401,42274852,96.89878595186136,159,7.846435759204287,Movie 532,Animation,Animation,0,-15289549,-26.560771474022633
47673570,92626502,26.971953711313624,95,5.138342995799425,Movie 533,Comedy,Comedy,1,44952932,94.29319432129795
79547323,214208698,31.99196436125154,138,3.605686089816244,Movie 534,Romance,Romance,1,134661375,169.28460936391286
16033888,25405716,83.81335057118531,160,8.771329432354248,Movie 535,Science Fiction,Science Fiction,1,9371828,58.45012762968034
90132960,81310785,5.97122873735507,133,6.91561209129264,Movie 536,,,0,-8822175,-9.787956592127896
196922610,373189182,46.99670371208811,158,5.73659715997555,Movie 537,Action,Action,1,176266572,89.51058083172877
35958762,90953392,38.58205968071535,95,5.386640109186238,Movie 538,Action,Action,1,54994630,152.93805164927537
18028708,42444629,32.34208923095646,94,4.948232005549584,Movie 539,Science Fiction,Science Fiction,1,24415921,135.42801292250115
5035851,13615062,29.28425981043169,177,8.888685572574776,Movie 540,Action,Action,1,8579211,170.36268547262418
48685442,58167187,10.04603638118051,90,3.808483590785445,Movie 541,Adventure,Adventure,1,9481745,19.475524120742296
35045504,34515779,32.16775710581324,144,4.88883035352341,Movie 542,Adventure,Adventure,0,-529725,-1.511534831971599
102750176,277378334,5.262187868851188,158,5.912985841695981,Movie 543,Action,Action,1,174628158,169.95412056520468
114751207,246015202,78.31542250079909,169,5.867997270325868,Movie 544,Adventure,Adventure,1,131263995,114.39007783159963
131355017,167782695,40.42455160184316,147,5.828198906447061,Movie 545,Adventure,Adventure,1,36427678,27.732231955784375
83396202,196470620,44.94647939967125,122,4.054702894982291,Movie 546,Science Fiction,Science Fiction,1,113074418,135.58701150443278
36610155,92909103,89.46586405856303,148,3.8695951626570033,Movie 547,Adventure,Adventure,1,56298948,153.7795947599785
103912284,211715625,66.14744340226085,178,4.52860551797172,Movie 548,Animation,Animation,1,107803341,103.7445592091884
30469068,67632503,1.797851230869859,92,8.487156922812336,Movie 549,Science Fiction,Science Fiction,1,37163435,121.97102648495846
117346891,168762403,94.3743074731672,89,3.678317807007061,Movie 550,Action,Action,1,51415512,43.814975890584094
165402782,305455796,24.47730213179341,154,7.544550620239949,Movie 551,Romance,Romance,1,140053014,84.67391679058942
10702701,19376147,11.653804291226026,161,7.545290358800228,Movie 552,Thriller,Thriller,1,8673446,81.03978612501648
79262145,207676289,77.04468965970734,177,7.858622423383574,Movie 553,Action,Action,1,128414144,162.01194656036623
168345404,437682891,50.5472542708051,120,8.319692933936132,Movie 554,Horror,Horror,1,269337487,159.99099506155807
138193970,356775534,43.943286035783736,129,4.578217065233582,Movie 555,Action,Action,1,218581564,158.17011697398954
104312086,55032869,25.700804888591435,166,4.347356815613378,Movie 556,Thriller,Thriller,0,-49279217,-47.242097142990694
38317456,90960418,55.199677496369546,150,5.793033999164878,Movie 557,Action,Action,1,52642962,137.38637032688183
132952729,318646605,28.16407591505616,138,4.590535012512217,Movie 558,Romance,Romance,1,185693876,139.66909697656527
28812615,63270977,90.2567175234197,118,7.405859933898645,Movie 559,Animation,Animation,1,34458362,119.5947053052977
45653148,109141229,22.305243493586087,82,6.815637460448602,Movie 560,Romance,Romance,1,63488081,139.0661625349472
140050905,364822233,88.5511598951196,155,8.24992612831591,Movie 561,Comedy,Comedy,1,224771328,160.49259231848592
100952217,169175486,56.38113714700834,86,3.4964298209224296,Movie 562,Horror,Horror,1,68223269,67.57976300807738
121794109,213763950,83.02032525562886,128,8.49050000014845,Movie 563,Drama,Drama,1,91969841,75.5125529100919
9454561,7675072,71.57175359023455,105,4.760091760020537,Movie 564,Comedy,Comedy,0,-1779489,-18.82148732236219
46932658,68683115,69.97281603223811,112,5.944166075561904,Movie 565,Animation,Animation,1,21750457,46.34397011991096
137815208,290571369,33.11023496181052,127,5.631668615637862,Movie 566,,,1,152756161,110.84129481559104
24151417,59195109,24.155796215748143,158,7.561869906626543,Movie 567,Horror,Horror,1,35043692,145.09994175497033
40673332,42423210,21.877736540398026,81,5.521999856591055,Movie 568,Action,Action,1,1749878,4.302273538838667
154917041,130836309,85.86197404889928,150,8.661318873896455,Movie 569,Action,Action,0,-24080732,-15.5442757262579
17934380,38695308,82.22225520564298,111,8.415203295831454,Movie 570,Horror,Horror,1,20760928,115.7605002235929
11617244,5863219,44.61677927321843,83,8.232966911817039,Movie 571,Science Fiction,Science Fiction,0,-5754025,-49.530034834423724
169303991,160149971,14.108056736149006,99,3.427549995889368,Movie 572,Romance,Romance,0,-9154020,-5.406854230624723
185451800,106204249,38.84297294576838,115,8.125548369323637,Movie 573,Science Fiction,Science Fiction,0,-79247551,-42.73215520151328
130195004,119416523,62.31500195955423,111,7.689812672659263,Movie 574,Drama,Drama,0,-10778481,-8.278720894697312
138587448,132115164,45.98591229351533,107,3.621077682036786,Movie 575,Comedy,Comedy,0,-6472284,-4.670180520244517
3640328,5348311,78.2387375798165,156,3.644485952617331,Movie 576,Thriller,Thriller,1,1707983,46.91838207985654
26856919,40441626,99.76465940288716,80,3.606982869105247,Movie 577,Horror,Horror,1,13584707,50.58177745555996
58658082,157535440,19.922076756440788,139,3.067995559226925,Movie 578,Animation,Animation,1,98877358,168.5656172665175
190613154,338390629,46.50543114629768,135,6.291805831167501,Movie 579,Drama,Drama,1,147777475,77.52742761918728
162566703,375287170,43.66740629016138,114,8.84036574861626,Movie 580,Adventure,Adventure,1,212720467,130.85119097236046
12552291,9544051,31.144760742146133,109,5.632108217398761,Movie 581,Comedy,Comedy,0,-3008240,-23.965664913281568
1070640,1138729,20.61145615530867,133,6.2445450113241385,Movie 582,,,1,68089,6.359654038705822
114442790,258338416,7.503519532476263,115,8.807818780619733,Movie 583,Thriller,Thriller,1,143895626,125.73585981257536
78498463,49611805,88.82481240514615,134,4.531093372645384,Movie 584,Romance,Romance,0,-28886658,-36.79901095643108
122562775,210378286,42.56502107094544,168,8.150821515589577,Movie 585,Comedy,Comedy,1,87815511,71.64941475908978
198193764,396074860,50.19265633150484,159,6.278342803270417,Movie 586,Animation,Animation,1,197881096,99.84224125235343
4741196,9507824,91.77726277189066,137,6.4168590879780645,Movie 587,Animation,Animation,1,4766628,100.53640473838246
20511512,11431722,77.85275727407884,162,5.059043143243701,Movie 588,Adventure,Adventure,0,-9079790,-44.26680002917386
175478184,229046411,13.919625147601238,144,6.3695061658014485,Movie 589,Animation,Animation,1,53568227,30.527001008854754
12720477,26601400,56.976576793166494,148,3.438855056869704,Movie 590,Comedy,Comedy,1,13880923,109.1226610448649
119338832,104123052,44.78297537543635,130,7.587861435684673,Movie 591,Animation,Animation,0,-15215780,-12.750066131031012
148435376,332278396,79.92389618529752,101,4.70812656926563,Movie 592,Comedy,Comedy,1,183843020,123.85391202161944
23558781,55712112,72.69902221358298,167,8.32564997696373,Movie 593,,,1,32153331,136.48130181268715
60946863,180093285,69.35016646919613,132,5.207104167644751,Movie 594,Drama,Drama,1,119146422,195.49229629751412
63784216,65353625,34.713938712509794,179,3.856944662921296,Movie 595,Adventure,Adventure,1,1569409,2.460497437171604
33425301,85663252,80.6914093095262,115,7.175289446210909,Movie 596,Comedy,Comedy,1,52237951,156.2826644403292
89146618,160530009,6.186738263891261,147,3.987468868281017,Movie 597,Horror,Horror,1,71383391,80.07414369886696
161996370,232247147,16.802865241784556,115,7.522083093257942,Movie 598,Romance,Romance,1,70250777,43.3656488722556
61995760,49964980,34.22670402481326,131,8.8086734184367,Movie 599,Adventure,Adventure,0,-12030780,-19.405810978041078
47547339,111202005,8.603936665858846,132,7.67731721277157,Movie 600,Drama,Drama,1,63654666,133.87640052790334
91372540,99563539,24.264433475934467,161,3.134695490587948,Movie 601,,,1,8190999,8.964398932108049
131489576,187840091,83.1849473167939,129,6.599314728316648,Movie 602,Drama,Drama,1,56350515,42.855499815437845
149791186,98316278,94.87690224121783,159,7.172464025818346,Movie 603,,,0,-51474908,-34.364443846515776
124637835,312020511,31.15563322164486,120,7.952749954777711,Movie 604,Adventure,Adventure,1,187382676,150.34172889797065
183128904,442525742,27.187064594894984,97,3.336013853634001,Movie 605,Horror,Horror,1,259396838,141.6471307008969
30264326,70638134,28.709372572396266,101,5.880646967713718,Movie 606,,,1,40373808,133.40395553497538
83896667,104754114,28.49418964773354,145,6.212225235830366,Movie 607,Action,Action,1,20857447,24.860876773567178
54953229,51309840,4.557088036411326,100,4.014749175865068,Movie 608,Comedy,Comedy,0,-3643389,-6.62998165221556
57294783,119968581,92.7647182867797,179,4.934698858263898,Movie 609,Thriller,Thriller,1,62673798,109.38831551207726
194363507,338273349,22.156116015462512,123,5.641330357536991,Movie 610,Thriller,Thriller,1,143909842,74.04159567876083
47977874,45369372,42.58040333405909,126,7.999258127746809,Movie 611,Comedy,Comedy,0,-2608502,-5.436885344273487
30365614,67253099,1.9590013913558064,118,8.576445396421242,Movie 612,Drama,Drama,1,36887485,121.47781698074671
90268367,268802594,85.93755400059067,108,6.770536973506037,Movie 613,Adventure,Adventure,1,178534227,197.78160714926858
48010676,113691631,73.3845771010368,133,5.369671116128773,Movie 614,,,1,65680955,136.8048952278864
126430852,297108199,94.7288474821966,169,4.524186106793916,Movie 615,Drama,Drama,1,170677347,134.9965964003786
186588834,536588788,78.37993244044351,164,8.892811106616904,Movie 616,Thriller,Thriller,1,349999954,187.5781880924343
172544971,173811609,32.05694469315446,96,8.89811998845815,Movie 617,Adventure,Adventure,1,1266638,0.7340915198276048
70426200,134786937,25.53946251411394,159,8.549861689410209,Movie 618,Action,Action,1,64360737,91.38749073498215
109352980,322494709,70.073914447776,139,7.714014899266916,Movie 619,Adventure,Adventure,1,213141729,194.91167867578918
11198499,10226864,37.04716472603944,110,4.95467726247371,Movie 620,Horror,Horror,0,-971635,-8.67647530262761
38342772,86295389,57.05528655950904,152,7.902002900985784,Movie 621,Action,Action,1,47952617,125.06298970768206
179580630,352790702,1.6194896316205527,174,5.452758103627035,Movie 622,Romance,Romance,1,173210072,96.45253611149488
135415503,266253654,7.126684466367049,157,4.960638588930271,Movie 623,Romance,Romance,1,130838151,96.6197725529255
171158648,384110227,54.00142617698347,128,7.469192150797677,Movie 624,Adventure,Adventure,1,212951579,124.41765665267465
124291756,351005177,57.04109299836834,81,3.4779235657225374,Movie 625,Comedy,Comedy,1,226713421,182.40423041412336
158832377,390164562,75.39384150147502,127,3.2913763397739704,Movie 626,Horror,Horror,1,231332185,145.64548448456452
18310852,11725175,14.064566642772212,93,5.687722183087113,Movie 627,Action,Action,0,-6585677,-35.965977989445825
55564054,146234591,51.8051252919211,138,5.673832804932971,Movie 628,,,1,90670537,163.1820043224348
198206748,210862907,20.25031679873717,176,8.37386491838301,Movie 629,Animation,Animation,1,12656159,6.385332047322627
165991210,239406700,10.226415836706774,178,3.7569185777269007,Movie 630,Action,Action,1,73415490,44.22854077634592
79733130,131905071,41.639083611994906,137,3.739703564714477,Movie 631,Action,Action,1,52171941,65.43320323684772
134796590,229459517,17.170328160816666,137,3.884715602849407,Movie 632,Horror,Horror,1,94662927,70.22649979498739
78273675,124294760,22.95641584103954,130,3.178417567767616,Movie 633,Science Fiction,Science Fiction,1,46021085,58.79509937408714
3276360,9315947,32.43790340708067,163,3.43039042688945,Movie 634,Horror,Horror,1,6039587,184.33832057527255
50437769,114243943,26.679451673576427,81,6.959219200974234,Movie 635,Science Fiction,Science Fiction,1,63806174,126.50475083463743
106071545,220408886,9.671538443188693,120,5.589505974705055,Movie 636,Animation,Animation,1,114337341,107.792661076069
166883132,104236050,9.901708241110526,162,7.581618402528082,Movie 637,Animation,Animation,0,-62647082,-37.53949320653929
112586533,310714436,20.131692108182648,161,8.955586311489961,Movie 638,Comedy,Comedy,1,198127903,175.97833215096873
93800518,260153436,6.0053596079943565,95,6.954208086594008,Movie 639,Horror,Horror,1,166352918,177.34754727047456
58849484,144212582,63.01924494801579,83,3.3027334237207424,Movie 640,Action,Action,1,85363098,145.05326503797383
151652071,78491018,29.445344934381293,91,3.627377188526049,Movie 641,Science Fiction,Science Fiction,0,-73161053,-48.24269956722187
45079273,28995016,28.694850809138032,108,8.286024508888246,Movie 642,Romance,Romance,0,-16084257,-35.67993876032561
93992904,99920026,33.86783112953875,86,6.1649756673495695,Movie 643,Horror,Horror,1,5927122,6.30592496642087
41201137,34129930,66.61683114676244,93,7.94902295637444,Movie 644,,,0,-7071207,-17.162650147252005
73571674,110143422,87.19275426686556,91,8.139674017349556,Movie 645,Action,Action,1,36571748,49.70900621345112
81497273,228726794,76.1496063230082,178,8.566047248997116,Movie 646,Drama,Drama,1,147229521,180.6557637824274
93792001,157584732,73.0253937922844,84,8.698975232918194,Movie 647,Action,Action,1,63792731,68.01510823934763
81954884,43723468,48.95472737448408,160,6.3289547790198375,Movie 648,Action,Action,0,-38231416,-46.64934429045132
58235484,70282322,69.68675013977376,111,5.0461210335362034,Movie 649,Thriller,Thriller,1,12046838,20.6864220446764
96939748,59277421,55.72347443532473,153,8.771189246087992,Movie 650,Thriller,Thriller,0,-37662327,-38.85127388612564
197400549,116608266,22.40880229046636,122,6.284438436007352,Movie 651,Romance,Romance,0,-80792283,-40.928094379311986
81768647,97247421,21.65024840636402,160,3.3855163377276662,Movie 652,Romance,Romance,1,15478774,18.929962238460423
24020885,28561573,30.34280868065306,148,6.856659300359191,Movie 653,Thriller,Thriller,1,4540688,18.903083712361138
2286643,5643015,91.16946442601152,124,6.5261085023700645,Movie 654,Thriller,Thriller,1,3356372,146.78163578660946
42869822,125912381,55.19406919759286,88,8.374757237368236,Movie 655,Thriller,Thriller,1,83042559,193.7086629377654
141418374,201947946,73.65663232318508,128,6.919123134946875,Movie 656,Adventure,Adventure,1,60529572,42.8017734102925
127223660,200023226,35.309317221838214,112,5.094314546769308,Movie 657,Romance,Romance,1,72799566,57.22171960781509
15509187,40509586,41.3638612958573,179,8.797354354234923,Movie 658,Romance,Romance,1,25000399,161.19735354277435
162998627,190765043,13.430992285087886,179,7.809716915892201,Movie 659,Science Fiction,Science Fiction,1,27766416,17.0347545320121
6409861,5710894,17.958200824345365,97,6.782505710288126,Movie 660,,,0,-698967,-10.904557836745601
89825083,236484657,82.90829892778841,88,4.757551220418737,Movie 661,Science Fiction,Science Fiction,1,146659574,163.27240577111405
91197406,56200535,58.89902453719933,141,5.241241777885773,Movie 662,Romance,Romance,0,-34996871,-38.37485355668998
190695762,390783023,34.41571412249807,136,7.01981954457994,Movie 663,Adventure,Adventure,1,200087261,104.9248598403566
117595132,224016623,80.48226969055905,108,3.4318849107799303,Movie 664,Romance,Romance,1,106421491,90.49821126949371
13831595,18877376,25.405470658160315,157,4.540083549901581,Movie 665,Animation,Animation,1,5045781,36.48010948845741
76524262,98561244,97.62723716142018,104,7.283405600379588,Movie 666,Romance,Romance,1,22036982,28.797379320038395
135666073,329620303,35.13694316687081,94,5.880111059067725,Movie 667,Science Fiction,Science Fiction,1,193954230,142.9644314979177
77246546,55313279,34.39378446097153,85,5.414361388886581,Movie 668,Drama,Drama,0,-21933267,-28.393848185781668
16814828,18361132,31.879278648133816,121,3.908745734402487,Movie 669,Drama,Drama,1,1546304,9.196073846250465
49763532,116004855,13.089040076504505,108,5.651094206866396,Movie 670,Action,Action,1,66241323,133.11218142635053
130716977,244545511,12.00257758586923,158,7.6241518245614035,Movie 671,Romance,Romance,1,113828534,87.08014567992954
134833947,110559861,65.16239841887821,172,4.584077076431358,Movie 672,Horror,Horror,0,-24274086,-18.002948471129454
39538877,106966067,87.63668641124666,83,3.0323912531020643,Movie 673,Horror,Horror,1,67427190,170.5339026194396
74851335,111050908,79.26153051689568,161,7.011029406905897,Movie 674,Adventure,Adventure,1,36199573,48.36196041126053
45196734,116140733,14.969651808113758,136,8.835759626595316,Movie 675,,,1,70943999,156.9670919142078
104982440,259231305,55.012630057414576,128,6.640959381531498,Movie 676,Horror,Horror,1,154248865,146.92825295354157
90630668,186795572,11.45356305168736,123,3.719531153562781,Movie 677,Action,Action,1,96164904,106.10636125952419
106967805,185717805,5.484169717694667,159,4.924398554068039,Movie 678,Thriller,Thriller,1,78750000,73.6202822896104
109331512,322405192,65.98220007909195,154,8.20584968832134,Movie 679,Animation,Animation,1,213073680,194.88770995868052
173721659,149819761,53.98008103435468,93,4.395408445540971,Movie 680,Science Fiction,Science Fiction,0,-23901898,-13.758732294860252
154382256,357069070,9.120344835935615,82,6.6461754209856485,Movie 681,Science Fiction,Science Fiction,1,202686814,131.28893128754382
88580056,86629235,4.458985394192856,141,5.416027249523987,Movie 682,Science Fiction,Science Fiction,0,-1950821,-2.202325318015152
122848736,165312355,98.98588492752413,143,4.247062328517894,Movie 683,Science Fiction,Science Fiction,1,42463619,34.56577607766351
156030437,198431218,3.972111882758116,124,7.880441361388078,Movie 684,Science Fiction,Science Fiction,1,42400781,27.174685795438748
111477445,319671603,45.008297051965805,161,7.456987658794142,Movie 685,Drama,Drama,1,208194158,186.75899685357876
53203051,155267275,50.957283436161866,137,6.969546395755593,Movie 686,Science Fiction,Science Fiction,1,102064224,191.83904321577347
174519532,167109190,12.61073463224406,99,4.418019541612507,Movie 687,Drama,Drama,0,-7410342,-4.246139051071945
140066015,77748950,17.73711606553191,137,3.5871420162987,Movie 688,Animation,Animation,0,-62317065,-44.4912100911845
186370428,428655730,35.8286956346249,168,6.456955978955797,Movie 689,Adventure,Adventure,1,242285302,130.00200976090477
44750190,69137917,76.4059117451526,136,6.3220670012366,Movie 690,Action,Action,1,24387727,54.49748258052088
70334164,50788342,51.201159981966406,156,4.130310056009238,Movie 691,Horror,Horror,0,-19545822,-27.78994003540015
187404943,414049719,64.15228558074318,147,3.337480165891035,Movie 692,Science Fiction,Science Fiction,1,226644776,120.93852615189557
119975349,223485739,98.5322809539768,157,3.484250725163916,Movie 693,Thriller,Thriller,1,103510390,86.27638165903564
190475579,562149062,77.03253809600776,176,8.956625919076401,Movie 694,Comedy,Comedy,1,371673483,195.12920498853032
49518372,52911556,44.00178831598056,171,7.701503368457303,Movie 695,Science Fiction,Science Fiction,1,3393184,6.852373902760778
13842659,20901649,45.19775025785832,131,8.531924855791036,Movie 696,Animation,Animation,1,7058990,50.99446573089751
34978002,64931921,62.2584356270595,116,4.17032833341818,Movie 697,Drama,Drama,1,29953919,85.63644944614046
137590867,341122153,66.87115563347153,87,8.763411217940611,Movie 698,Drama,Drama,1,203531286,147.92499708574408
56553464,105873550,50.57038165783046,123,3.8559261088389727,Movie 699,Comedy,Comedy,1,49320086,87.20966411535817
100204497,203640629,64.84126105868302,177,6.054490971398827,Movie 700,Adventure,Adventure,1,103436132,103.2250398901758
178018926,189655601,3.329716946995778,84,7.978174106502384,Movie 701,Thriller,Thriller,1,11636675,6.536762838351244
19892008,52063289,43.53266352578757,148,5.098820127069477,Movie 702,Adventure,Adventure,1,32171281,161.72968058327746
126881648,199404199,28.6148695312742,110,5.548971199061403,Movie 703,Drama,Drama,1,72522551,57.1576363825287
36427853,31051067,13.788270079067928,124,3.769110661794587,Movie 704,Action,Action,0,-5376786,-14.760095798124585
192100046,415026345,10.855104768068738,88,3.7375312799938367,Movie 705,Comedy,Comedy,1,222926299,116.04697845829773
74190814,77175223,60.71602439585208,111,6.717409348671957,Movie 706,Comedy,Comedy,1,2984409,4.022612556859128
11986868,8917106,52.83645416810856,112,7.05319421172034,Movie 707,Comedy,Comedy,0,-3069762,-25.609375192919455
41480309,110128862,26.10482758264055,146,7.66399508449316,Movie 708,Animation,Animation,1,68648553,165.4967252052052
94691765,156279825,47.624055818478936,109,6.340092316090521,Movie 709,Comedy,Comedy,1,61588060,65.04056609357741
40521538,96166090,49.73099920305842,155,6.874555753567836,Movie 710,Horror,Horror,1,55644552,137.32092794700932
113347791,139017540,20.305889063422963,108,3.0811036301983203,Movie 711,Thriller,Thriller,1,25669749,22.646889519002624
196190712,484085933,65.55721312628341,82,3.973024362823129,Movie 712,Drama,Drama,1,287895221,146.7425333570327
173891082,135607189,78.31101628222295,169,8.909488596101427,Movie 713,Adventure,Adventure,0,-38283893,-22.016018624807913
133985867,186231436,79.35489054806239,136,3.4559610378949905,Movie 714,Adventure,Adventure,1,52245569,38.993343230745374
92063625,271141603,60.64451323964205,109,7.07272933356147,Movie 715,Adventure,Adventure,1,179077978,194.51545385053
56454431,140287809,51.65221966938239,88,4.056495798190298,Movie 716,Science Fiction,Science Fiction,1,83833378,148.4974279521124
66557447,116018936,7.039707157534094,105,7.300311514605852,Movie 717,Action,Action,1,49461489,74.31398172468965
84845477,114494192,29.49529858630898,81,7.235942417771961,Movie 718,Drama,Drama,1,29648715,34.94436715819277
78982667,211700342,10.23387323103882,141,4.405194358728541,Movie 719,,,1,132717675,168.0339244558556
191078359,355810718,96.4184929269689,82,4.617806395315225,Movie 720,Romance,Romance,1,164732359,86.21193936462474
100471732,240736553,14.37293447635031,125,6.92862428161253,Movie 721,Adventure,Adventure,1,140264821,139.60625362763727
118601287,282895997,16.0257655752591,147,5.340516232681281,Movie 722,Science Fiction,Science Fiction,1,164294710,138.5269200324951
192898745,105103619,89.06808521471872,104,4.167287818199467,Movie 723,Drama,Drama,0,-87795126,-45.5135807130316
3667867,2991638,94.44890006416932,130,7.390077592724891,Movie 724,Romance,Romance,0,-676229,-18.43657362712443
94837987,203813796,76.81707488425607,92,3.924885146018005,Movie 725,Adventure,Adventure,1,108975809,114.90734087386312
113521305,102628882,1.5350874435943171,123,8.133861984869679,Movie 726,Romance,Romance,0,-10892423,-9.595047378991987
57987271,66032040,1.1332808246998065,114,6.088017144310966,Movie 727,Horror,Horror,1,8044769,13.873336098192999
176459001,505836469,38.43197620895763,134,3.634203623275804,Movie 728,Horror,Horror,1,329377468,186.6594881153158
180936571,343861927,15.19614163107836,166,7.1644340011859065,Movie 729,,,1,162925356,90.04556408886515
91864817,218346480,2.8202280730081317,88,6.114978237447243,Movie 730,Animation,Animation,1,126481663,137.6823762681637
69452891,131609884,46.94260225104596,81,4.788345430768857,Movie 731,Drama,Drama,1,62156993,89.49518458490087
66432283,124977993,94.3631278432902,140,5.5352362813431295,Movie 732,Action,Action,1,58545710,88.12840287304292
159461992,117265123,33.05813791534071,120,4.790026461524993,Movie 733,Horror,Horror,0,-42196869,-26.462023000440134
43734307,59441832,66.45292716444095,123,4.578155014456704,Movie 734,Drama,Drama,1,15707525,35.915797179546026
68606426,82744649,65.57129996011163,143,3.981650525062273,Movie 735,Horror,Horror,1,14138223,20.60772412193575
46791733,69103009,25.85693026285161,110,5.176602798824855,Movie 736,Thriller,Thriller,1,22311276,47.68208948362738
139795966,348911225,65.39209963356257,126,4.5059232378964245,Movie 737,Comedy,Comedy,1,209115259,149.58604671038933
156032720,223100524,22.021063454402235,81,7.100606922323502,Movie 738,Romance,Romance,1,67067804,42.983166607619225
128833288,209900610,13.078733944112017,175,7.103260446979838,Movie 739,,,1,81067322,62.92420480644723
156506676,233735439,70.43694527040932,161,6.011041455333831,Movie 740,Romance,Romance,1,77228763,49.34534741508407
6562067,4813406,12.230640893287756,156,7.667667164821927,Movie 741,Horror,Horror,0,-1748661,-26.648021118955356
174009356,278881383,99.69401264034616,148,8.04803831403629,Movie 742,Animation,Animation,1,104872027,60.26803926565879
91012399,90013372,19.1617877138727,137,6.478598744605639,Movie 743,Horror,Horror,0,-999027,-1.0976823059020784
162563548,157167777,59.820044412889295,123,6.713610976580602,Movie 744,Adventure,Adventure,0,-5395771,-3.3191764490770095
36154828,26577061,41.72608256984635,153,4.697315458718191,Movie 745,Action,Action,0,-9577767,-26.490976530160786
155306093,216135985,13.512255818161044,135,8.369215204233118,Movie 746,Horror,Horror,1,60829892,39.16774340592033
59842658,143245652,3.756546850163926,122,3.145236266535179,Movie 747,Comedy,Comedy,1,83402994,139.37047047609417
44109628,52539164,62.650495946990496,168,5.091614816657074,Movie 748,Drama,Drama,1,8429536,19.110421878869623
14021573,17959850,80.86899881512349,113,7.330802529299136,Movie 749,Thriller,Thriller,1,3938277,28.087269523897213
53827729,113398157,84.35955048916766,109,3.4805370580269672,Movie 750,Adventure,Adventure,1,59570428,110.66866298594913
179838386,177968432,48.78863383461651,150,4.099017164569756,Movie 751,Comedy,Comedy,0,-1869954,-1.0397969207753008
165151551,452910758,77.96809125105617,149,6.535714367177107,Movie 752,Adventure,Adventure,1,287759207,174.2394820137051
81155332,146118252,67.61186621536594,134,6.359962028781347,Movie 753,Adventure,Adventure,1,64962920,80.04763014215752
190736856,308804371,72.70119822241419,146,7.43356977678573,Movie 754,Animation,Animation,1,118067515,61.90073459111647
186727425,353764532,49.7673015169596,92,7.875675834529031,Movie 755,Comedy,Comedy,1,167037107,89.45504764498305
87966281,80496693,63.70776228397058,82,3.771477471070015,Movie 756,Horror,Horror,0,-7469588,-8.491421843785803
8136029,16546102,80.74706544402964,105,3.1102859386514523,Movie 757,Comedy,Comedy,1,8410073,103.36827707964167
195212716,274811060,40.39053338014528,136,7.137831117953437,Movie 758,,,1,79598344,40.77518392807977
172086852,472028358,80.79191118589078,103,4.808350774598155,Movie 759,Adventure,Adventure,1,299941506,174.29658484310005
114245302,105349650,59.60966743611722,132,6.755903483507722,Movie 760,,,0,-8895652,-7.786448846710563
156714551,277012990,17.424201412707838,149,3.903267528373348,Movie 761,Action,Action,1,120298439,76.76277552554772
7285088,14535801,3.4437315652338767,122,5.8142402799957775,Movie 762,Science Fiction,Science Fiction,1,7250713,99.52814571354526
119550901,69753049,36.91260643951605,139,6.026548476380621,Movie 763,Comedy,Comedy,0,-49797852,-41.654100122591295
185125585,260885048,55.12293650133765,137,6.510466898239296,Movie 764,Comedy,Comedy,1,75759463,40.92328080961905
110164720,256858748,84.14221486814535,128,6.079020097983387,Movie 765,Horror,Horror,1,146694028,133.15880801040478
8468810,21603458,13.621082333884374,121,5.974144621372283,Movie 766,Romance,Romance,1,13134648,155.09437571512407
136852884,175569247,80.22042842067434,155,4.996404923903134,Movie 767,Animation,Animation,1,38716363,28.29049843041671
26301054,65660138,86.43789556065546,179,3.4270814179085174,Movie 768,Comedy,Comedy,1,39359084,149.64831447439332
78264088,228483371,15.918061213082543,145,3.537121180781054,Movie 769,,,1,150219283,191.9389682276755
140218773,370483916,85.30783761111769,90,5.602669646442922,Movie 770,Science Fiction,Science Fiction,1,230265143,164.21848378319498
72572282,57630372,99.15390321643642,177,5.134758766925958,Movie 771,,,0,-14941910,-20.58900393954816
128212314,301212501,72.95704427377552,169,6.096808828046987,Movie 772,Action,Action,1,173000187,134.9325829966691
29267184,38022962,78.69219850067381,97,4.829029015537602,Movie 773,Comedy,Comedy,1,8755778,29.916708078235338
111933452,332558760,99.44711148832847,164,7.127460548731946,Movie 774,Action,Action,1,220625308,197.10399711428536
5345760,9159411,60.9426438020686,179,8.183728932057063,Movie 775,Action,Action,1,3813651,71.33973466822304
134973601,108800160,31.48075181960869,131,4.793179132721206,Movie 776,Animation,Animation,0,-26173441,-19.39152605108313
159148712,368105220,83.91555257352951,125,4.157904047634172,Movie 777,Science Fiction,Science Fiction,1,208956508,131.29638648913476
172023458,224925487,61.834091973651496,123,3.697083445524535,Movie 778,Comedy,Comedy,1,52902029,30.752799423436773
39019582,116773723,58.5383469483747,101,6.6975242434248745,Movie 779,Adventure,Adventure,1,77754141,199.26953856143308
101532608,299465974,26.10991999588979,132,5.663135946843417,Movie 780,Adventure,Adventure,1,197933366,194.94561392533126
59720660,127822221,75.87709268870577,138,4.1280943031777335,Movie 781,Science Fiction,Science Fiction,1,68101561,114.03350364848615
56229238,46364724,9.08506031014953,173,6.918820399751132,Movie 782,Comedy,Comedy,0,-9864514,-17.543389081673133
19100699,42349162,92.50442000867146,109,3.8908990980317055,Movie 783,Romance,Romance,1,23248463,121.71524717498559
2722320,1994306,33.25652261627799,87,6.325804235087715,Movie 784,Animation,Animation,0,-728014,-26.74241088483352
148516100,85160675,13.649690626209054,177,6.162890289751588,Movie 785,Animation,Animation,0,-63355425,-42.658960880335535
164920642,421767409,44.79428677713946,136,7.4053668071165,Movie 786,Horror,Horror,1,256846767,155.73961141868463
98278998,100675272,5.204521016396782,152,3.3306578396440005,Movie 787,Drama,Drama,1,2396274,2.4382360919064316
82550308,119497169,68.77799323223167,99,8.327237591107982,Movie 788,Action,Action,1,36946861,44.75678152527305
166875252,489552494,90.36784553409026,104,7.217950356880917,Movie 789,Adventure,Adventure,1,322677242,193.36434739885814
32206052,43223782,83.88903770671237,98,4.296755990092573,Movie 790,Action,Action,1,11017730,34.210122991790485
31413513,38991220,13.609577871340226,84,4.100432091658438,Movie 791,Romance,Romance,1,7577707,24.122443739418763
160546825,448811860,13.500842573665452,154,5.5899612848627,Movie 792,Horror,Horror,1,288265035,179.55199986047685
13243026,10288124,81.53001375010214,158,7.905391977267581,Movie 793,,,0,-2954902,-22.31289132861326
57024141,136798406,92.50117318570848,151,8.057699958834643,Movie 794,Animation,Animation,1,79774265,139.89560140853328
76356616,226791665,46.60631315351542,162,6.122736552836298,Movie 795,Drama,Drama,1,150435049,197.0163908259109
18864557,51938653,50.39814057446283,166,8.164865176120426,Movie 796,Thriller,Thriller,1,33074096,175.32400045227672
7195200,15319802,32.50794209718686,106,3.0326622551501434,Movie 797,Horror,Horror,1,8124602,112.91697242606182
72086130,92641633,89.53224670738499,119,3.21104778918958,Movie 798,Thriller,Thriller,1,20555503,28.515198416116945
107222252,121783564,64.84538762394324,175,8.470929561820457,Movie 799,Thriller,Thriller,1,14561312,13.58049446676423
188581132,480530703,29.53690613956948,105,7.651991579315496,Movie 800,Drama,Drama,1,291949571,154.8137758553703
85729603,231431759,30.57950423437091,106,5.704236349502314,Movie 801,Comedy,Comedy,1,145702156,169.95547733960694
177707005,322287164,89.22880723329664,141,7.521660788867923,Movie 802,Adventure,Adventure,1,144580159,81.35872809290777
14832640,16476835,2.3497683666763254,162,8.73383677034053,Movie 803,Adventure,Adventure,1,1644195,11.084978803503624
31061031,24300846,32.9499306999372,129,7.63253714328771,Movie 804,,,0,-6760185,-21.764200293287107
197119899,141521969,55.88131144042054,121,8.054228002909932,Movie 805,,,0,-55597930,-28.20513316111226
81197726,186567496,15.67352874783314,108,7.563639488340371,Movie 806,Horror,Horror,1,105369770,129.76936078234507
96282726,149266803,10.11777666575939,118,4.00926655460125,Movie 807,Romance,Romance,1,52984077,55.029681025026235
88220897,243789599,81.71235677796544,139,8.001444657874421,Movie 808,Animation,Animation,1,155568702,176.33996852242387
167261173,392926309,89.54603447620222,120,4.17065292014526,Movie 809,Drama,Drama,1,225665136,134.91782459280014
96856757,94740538,82.53703565902076,112,8.355667968264882,Movie 810,Adventure,Adventure,0,-2116219,-2.184895577290493
82052418,166931012,89.98000108399742,162,5.751899388486455,Movie 811,Animation,Animation,1,84878594,103.44435431506722
87601594,139178227,55.75808513477878,162,7.061860513866171,Movie 812,Action,Action,1,51576633,58.87636359676286
171430731,333111223,81.41355397804385,176,5.983445087283861,Movie 813,,,1,161680492,94.31243223246828
17689088,41483968,39.02022120071894,95,3.563945576499612,Movie 814,Drama,Drama,1,23794880,134.51727980549364
131883819,331752388,66.96051828642481,102,4.744333845723991,Movie 815,Drama,Drama,1,199868569,151.54896977922667
112274973,292963950,98.89471760752728,86,8.902391123982035,Movie 816,Romance,Romance,1,180688977,160.93433128681315
8102173,9195457,23.34704466007361,105,8.764288510018904,Movie 817,Comedy,Comedy,1,1093284,13.493713353195494
180606266,104352313,39.600074882816976,175,4.922921385933284,Movie 818,Adventure,Adventure,0,-76253953,-42.22110045727871
123332984,289615056,48.52469035369848,91,8.977780825471354,Movie 819,Science Fiction,Science Fiction,1,166282072,134.82368350059545
118922192,91077668,14.66353321498512,151,8.073307172981398,Movie 820,Animation,Animation,0,-27844524,-23.414068923317526
39720111,51131658,9.022822436040622,84,6.665756996593528,Movie 821,Romance,Romance,1,11411547,28.729897053913067
183733566,93620122,83.14256376584082,171,3.240747721566057,Movie 822,Thriller,Thriller,0,-90113444,-49.04571655676677
124620654,274685568,97.70264290993104,148,8.408680977230278,Movie 823,Animation,Animation,1,150064914,120.41736998106269
196574678,180422142,41.06778131913621,128,6.344575675585919,Movie 824,Action,Action,0,-16152536,-8.216997308269788
23064334,49316297,9.677333783270674,105,8.210856907216616,Movie 825,Science Fiction,Science Fiction,1,26251963,113.82059850503379
149899044,446602697,7.515364308367071,84,8.006574719434454,Movie 826,Action,Action,1,296703653,197.93565394586506
62681549,42728581,89.24050242966958,101,7.998037291206517,Movie 827,Romance,Romance,0,-19952968,-31.832282893966134
72209537,50019187,46.91761072304031,158,7.18904316428943,Movie 828,,,0,-22190350,-30.730497551867696
110367730,149101310,32.6827043396768,92,4.748490832056292,Movie 829,Animation,Animation,1,38733580,35.0950227933473
121907878,325002292,48.16966585270056,107,5.016961546467119,Movie 830,Comedy,Comedy,1,203094414,166.59662798822566
49840101,51775126,32.51210537454239,112,4.850815275496118,Movie 831,,,1,1935025,3.8824660487746603
63468859,88916352,49.41454175545438,102,3.120275997195388,Movie 832,Comedy,Comedy,1,25447493,40.09445482547591
185523489,124535149,86.09608329487574,176,6.495413455288867,Movie 833,Animation,Animation,0,-60988340,-32.87364868391409
164584805,396301814,59.63783573514748,97,7.193002022676197,Movie 834,Adventure,Adventure,1,231717009,140.78882251614903
196798321,299284167,69.77072350820737,109,8.123195961151222,Movie 835,Drama,Drama,1,102485846,52.076585551763934
118758049,284796270,37.10239694719933,105,3.8409926002963823,Movie 836,Romance,Romance,1,166038221,139.81218317252754
51011985,140743067,74.11208197254136,95,6.26509889386081,Movie 837,Thriller,Thriller,1,89731082,175.90196107836226
75062621,81210840,66.99509140305786,156,3.048048844042697,Movie 838,Adventure,Adventure,1,6148219,8.190786463478274
123415538,310820807,12.83663777745359,118,3.570561886264377,Movie 839,Action,Action,1,187405269,151.84900705128393
126235646,81767211,57.69164245844288,112,3.3252704652359584,Movie 840,Action,Action,0,-44468435,-35.22652785410549
168061473,461684776,26.417606134666045,105,7.352868204092921,Movie 841,Comedy,Comedy,1,293623303,174.71184665863305
154568563,328755179,80.60547129372569,127,3.486357383265619,Movie 842,Romance,Romance,1,174186616,112.69213649867471
61084389,164046207,43.167833138227,144,7.29871788935274,Movie 843,Romance,Romance,1,102961818,168.55667984171865
58597408,29326303,99.47373235445222,117,4.4977482264635,Movie 844,Thriller,Thriller,0,-29271105,-49.95290064707299
145538583,134288839,10.157543355957417,81,8.266277764181638,Movie 845,Comedy,Comedy,0,-11249744,-7.729733083906691
153347982,226096029,78.2544384112757,85,7.878899930182885,Movie 846,Adventure,Adventure,1,72748047,47.43984632285543
93525563,135495838,67.69647162067349,125,8.746981304851658,Movie 847,Science Fiction,Science Fiction,1,41970275,44.87572558103714
102370985,109212024,76.98238422847984,129,8.302572092748191,Movie 848,Horror,Horror,1,6841039,6.682595659307176
44558992,64790104,31.445449753555177,117,8.599976514698083,Movie 849,,,1,20231112,45.40298398132525
52628164,43266759,49.713394448857656,167,8.152454379079845,Movie 850,Thriller,Thriller,0,-9361405,-17.78782364514939
95804867,146763746,79.85434345264713,97,7.160291403689133,Movie 851,Adventure,Adventure,1,50958879,53.19028207617051
94831305,237636422,24.021591830464644,106,4.021554912752616,Movie 852,Horror,Horror,1,142805117,150.58858148161096
128094160,217462273,23.37728648207656,120,4.630245113124557,Movie 853,Adventure,Adventure,1,89368113,69.7675155526216
82251088,44826861,55.55404437619831,151,4.276361796781639,Movie 854,Comedy,Comedy,0,-37424227,-45.49997806715943
36409403,56566016,52.83279437345572,171,6.6215147259492335,Movie 855,Horror,Horror,1,20156613,55.36100935244668
17045907,9681010,28.943984570880357,153,6.021719627841608,Movie 856,Thriller,Thriller,0,-7364897,-43.206248866663415
93924887,273848201,30.509489401957453,96,8.202479982950543,Movie 857,,,1,179923314,191.5608522371712
197972612,162067289,28.506671157449983,141,8.716037198994453,Movie 858,Romance,Romance,0,-35905323,-18.136510215867638
183676001,416801404,77.37969413785028,108,5.429159337708866,Movie 859,Action,Action,1,233125403,126.92208112697314
150951937,442582144,65.5381856906836,137,6.038103319684874,Movie 860,Animation,Animation,1,291630207,193.194080709279
70800140,181609271,83.40930115761502,149,8.829098140824835,Movie 861,Science Fiction,Science Fiction,1,110809131,156.50976255131698
93903549,211122263,97.57182980308816,157,4.657433649738861,Movie 862,,,1,117218714,124.82884326342128
37081386,96361628,47.94226533092665,101,7.754344652152882,Movie 863,Drama,Drama,1,59280242,159.86522725984406
74658410,220578028,7.602694259139437,85,4.351439414011478,Movie 864,Animation,Animation,1,145919618,195.44967271604096
125825546,258365299,5.761138730791508,105,7.088760692551632,Movie 865,Adventure,Adventure,1,132539753,105.33612387424091
58395058,110831602,30.270838887890296,118,4.521693765831385,Movie 866,Animation,Animation,1,52436544,89.79620158952493
161045166,333459359,93.32191434589264,91,8.30240033298832,Movie 867,Adventure,Adventure,1,172414193,107.0595270149245
17663288,32353662,52.79809244211661,178,6.368867662420061,Movie 868,Romance,Romance,1,14690374,83.16896604980907
98148566,204906995,27.906865091932787,93,4.115601845246308,Movie 869,Romance,Romance,1,106758429,108.77227589855974
14081782,22877340,40.51751265659094,101,4.346215054190916,Movie 870,Animation,Animation,1,8795558,62.460546541623785
96632207,101087720,60.26091563306241,130,5.963095174248601,Movie 871,Thriller,Thriller,1,4455513,4.610795032343616
116546206,93308998,65.64201615564637,102,8.769612153449273,Movie 872,Science Fiction,Science Fiction,0,-23237208,-19.93819344063418
109664778,73568872,16.2380314685076,127,7.617852983301927,Movie 873,Drama,Drama,0,-36095906,-32.91476685431306
60387253,69945918,97.72613597797242,150,5.929857856955071,Movie 874,Drama,Drama,1,9558665,15.82894489338669
44669391,27485474,54.93245047129609,129,5.026314867373302,Movie 875,Romance,Romance,0,-17183917,-38.46910964154402
69181511,132685084,14.43314346143565,168,6.295610960090656,Movie 876,Science Fiction,Science Fiction,1,63503573,91.79269443825822
39660995,47972794,89.46989008126724,92,7.490165000571718,Movie 877,,,1,8311799,20.95711164079469
143452407,367429960,8.389204676863452,164,7.7035715307168,Movie 878,Horror,Horror,1,223977553,156.13370154186399
158458712,108639638,90.86580788457375,89,4.947652788581668,Movie 879,Romance,Romance,0,-49819074,-31.439782244348923
94580482,100811324,99.65999997260926,134,7.326955609283264,Movie 880,Drama,Drama,1,6230842,6.587872960935005
157601538,366520558,70.34274811649388,88,6.946732680217117,Movie 881,Action,Action,1,208919020,132.5615362966826
66438362,132678786,77.27427488632499,158,8.754673751977762,Movie 882,Horror,Horror,1,66240424,99.7020727271994
183784092,121523220,34.39298081028115,131,8.58654174304809,Movie 883,Action,Action,0,-62260872,-33.877182362442994
153945311,414589908,94.21610842065944,81,7.736275953621462,Movie 884,Action,Action,1,260644597,169.3098642023595
170373756,458842831,53.4416826447284,104,7.34036813312957,Movie 885,Romance,Romance,1,288469075,169.31544022543002
21568697,28600523,73.50645621315793,92,4.644249538225655,Movie 886,Animation,Animation,1,7031826,32.601997237014366
157118066,212268802,92.48666387521666,177,8.0757915365912,Movie 887,Romance,Romance,1,55150736,35.101460579332745
176529362,524746043,97.54281762157532,130,5.565034222280197,Movie 888,Thriller,Thriller,1,348216681,197.25708916344468
40902996,84482701,83.48723130307076,137,4.633443255036268,Movie 889,Romance,Romance,1,43579705,106.54404141936205
189699652,346826223,30.99873319122097,113,5.304964547720775,Movie 890,Romance,Romance,1,157126571,82.8291298077869
140941329,365796371,96.68820413865616,114,8.015612940099047,Movie 891,Action,Action,1,224855042,159.53804579208983
123794587,150190792,63.1838335931136,82,3.89179929346731,Movie 892,Comedy,Comedy,1,26396205,21.322584161131374
151835881,238831233,93.13360515884402,138,5.736952446718934,Movie 893,Science Fiction,Science Fiction,1,86995352,57.29564805567927
137600085,160915275,67.93439755562083,149,5.954145567176938,Movie 894,Drama,Drama,1,23315190,16.944168312105333
113539028,280770902,31.41665722292433,127,3.2197781855929164,Movie 895,Action,Action,1,167231874,147.29021108054582
148847812,287778395,37.63242789013878,143,4.174476177288992,Movie 896,,,1,138930583,93.33733639295954
100981544,216813704,55.49670593319111,98,7.960454571455139,Movie 897,Action,Action,1,115832160,114.70626751359634
187794507,212352042,79.21146931442831,146,7.984604331568564,Movie 898,Drama,Drama,1,24557535,13.076812198772139
81890201,86030835,32.48027258269316,161,4.754490503305488,Movie 899,Drama,Drama,1,4140634,5.056324138220152
83537517,143762768,58.39338544728501,152,8.249383407587558,Movie 900,Adventure,Adventure,1,60225251,72.09365703316271
17099248,40079173,35.21687436406375,155,7.630697634410087,Movie 901,Drama,Drama,1,22979925,134.39143639533154
15677069,28424084,81.7611710588756,84,5.507444902772456,Movie 902,Thriller,Thriller,1,12747015,81.30993746343785
76589337,44545445,47.206081283027096,146,7.490438066430227,Movie 903,Adventure,Adventure,0,-32043892,-41.83858126360332
13433196,35885154,8.595559858435639,90,8.768007787168838,Movie 904,Romance,Romance,1,22451958,167.13787247651265
40010202,26475440,17.4391996266721,173,5.753818308392093,Movie 905,Thriller,Thriller,0,-13534762,-33.828277097926176
169844360,490775674,7.049362094343596,147,4.430563073720902,Movie 906,Animation,Animation,1,320931314,188.9561207684494
128949593,72579909,50.4309916554182,148,8.650899000300935,Movie 907,Science Fiction,Science Fiction,0,-56369684,-43.714510987250655
188455534,421410345,11.52739243747449,80,6.622465731379538,Movie 908,,,1,232954811,123.61261357281235
13457080,9494207,12.299856961653578,170,3.631590974882552,Movie 909,Adventure,Adventure,0,-3962873,-29.44823839941503
2222869,6172221,94.16377774379932,171,6.436096895140137,Movie 910,Adventure,Adventure,1,3949352,177.66912939988816
83716910,139060743,87.39285214542949,142,6.003485336689792,Movie 911,Action,Action,1,55343833,66.10830834535102
51066487,43090383,45.75657308432523,108,8.133533364453381,Movie 912,Animation,Animation,0,-7976104,-15.619057563133332
138343082,187045276,98.59472676417036,161,6.184171138581128,Movie 913,Horror,Horror,1,48702194,35.20392440006505
198020478,180606891,1.0184662888956484,91,4.5313946060657,Movie 914,Adventure,Adventure,0,-17413587,-8.793831413738937
10818159,10022535,61.783966171065984,156,7.053864383189331,Movie 915,Action,Action,0,-795624,-7.3545230755066555
12145552,34861023,62.02638955981514,120,6.255452715213481,Movie 916,Horror,Horror,1,22715471,187.0270778965007
116438617,187828912,46.286862531118935,81,4.398267769601235,Movie 917,Animation,Animation,1,71390295,61.311527772611726
95562311,236230573,40.29784932049499,116,6.441767147657447,Movie 918,Comedy,Comedy,1,140668262,147.20056529398917
150370722,315630236,46.08293041258016,124,7.929213467338116,Movie 919,Adventure,Adventure,1,165259514,109.90139024536971
94842126,207805348,42.081083171888366,159,3.171425506344063,Movie 920,Comedy,Comedy,1,112963222,119.1065898290808
158155630,131147961,73.31875527074764,127,6.78510623187067,Movie 921,Thriller,Thriller,0,-27007669,-17.07664090111746
43758171,47497793,14.400188062355122,103,5.097511174706352,Movie 922,Animation,Animation,1,3739622,8.546111307988626
135285389,333732257,20.56628283852189,178,4.7560286745565445,Movie 923,Thriller,Thriller,1,198446868,146.68758353498174
108523287,317638492,18.871304610849936,101,5.355526502166668,Movie 924,Science Fiction,Science Fiction,1,209115205,192.6915510769592
142802881,165178536,26.98458792700519,179,5.05213598548789,Movie 925,Horror,Horror,1,22375655,15.668910069118283
158553165,186921800,53.00058345937675,90,7.9934346402506495,Movie 926,,,1,28368635,17.892190925359326
98663674,165976258,12.009665986483654,137,4.648786864607404,Movie 927,,,1,67312584,68.22428282976773
11466615,33936602,86.94876023732391,125,7.398918138639512,Movie 928,Adventure,Adventure,1,22469987,195.96007191311472
35861938,42044441,30.43879159953876,108,3.5643589213715323,Movie 929,Comedy,Comedy,1,6182503,17.23973478510838
112023110,169987202,17.091260759402076,114,8.708378234906494,Movie 930,Adventure,Adventure,1,57964092,51.74297696252139
87787694,239546284,67.88650965022609,94,6.733899823491311,Movie 931,Action,Action,1,151758590,172.870003852704
138184150,70101176,4.770543759332608,139,7.24031146226736,Movie 932,Comedy,Comedy,0,-68082974,-49.26974186257975
51154221,30662602,62.37688792254225,174,4.788235992566706,Movie 933,Science Fiction,Science Fiction,0,-20491619,-40.0585105186139
138926382,279266922,70.12164463697349,121,5.472579412248688,Movie 934,Action,Action,1,140340540,101.01791897236625
131876923,365094721,22.2767366072852,122,4.342670317625857,Movie 935,Animation,Animation,1,233217798,176.84504058378735
192864812,211600018,5.154443270919795,159,8.595216514813345,Movie 936,Adventure,Adventure,1,18735206,9.714164966494769
43573305,72946263,37.00089053302551,153,5.928626682608266,Movie 937,Romance,Romance,1,29372958,67.41044316009538
179871077,292499735,10.760828793951712,128,6.782688693947939,Movie 938,Comedy,Comedy,1,112628658,62.61632491364912
141090082,237373956,12.53130711766037,143,7.405632183184292,Movie 939,Animation,Animation,1,96283874,68.2428365163187
96192946,197801481,26.171861913041592,111,5.226636546597234,Movie 940,,,1,101608535,105.6299232170309
182974207,306364584,30.25132453804917,143,7.320609927234847,Movie 941,Thriller,Thriller,1,123390377,67.43594030168416
83649048,135400234,53.46706376112064,81,7.055954938538041,Movie 942,Action,Action,1,51751186,61.867035235117086
10810404,18223325,68.1607966647983,103,7.233956003243679,Movie 943,Science Fiction,Science Fiction,1,7412921,68.57209961810862
87205129,172419243,59.68432314614829,166,5.935379401227677,Movie 944,Horror,Horror,1,85214114,97.71686020899068
7292518,13436600,15.687673391662164,145,5.297624293749703,Movie 945,Drama,Drama,1,6144082,84.251859234355
42142200,111059025,18.03651721281002,117,4.332493129253939,Movie 946,Drama,Drama,1,68916825,163.53399917422442
122160976,76196947,87.99815572949854,110,7.947758116805358,Movie 947,Science Fiction,Science Fiction,0,-45964029,-37.62578730543214
103855910,268290211,56.27687919134725,105,6.650100279190072,Movie 948,,,1,164434301,158.32926696227494
115694229,301940132,87.12384545687121,108,5.66611317658497,Movie 949,Romance,Romance,1,186245903,160.98115230968003
65413145,79298396,37.783104620667565,146,8.663975440263668,Movie 950,,,1,13885251,21.227004144197622
152765117,253151641,61.82560073570106,157,3.287032875042233,Movie 951,Drama,Drama,1,100386524,65.71298865303132
197350488,315039705,52.84267818940646,104,8.101031671230285,Movie 952,Action,Action,1,117689217,59.63462172943803
67689168,70821456,32.5932254922258,127,8.985495557675835,Movie 953,Thriller,Thriller,1,3132288,4.627458266291588
131682380,196469073,47.52162183132594,144,8.321652665297204,Movie 954,Drama,Drama,1,64786693,49.19921177001813
134541075,82200483,50.74659680586628,132,7.862619513693751,Movie 955,Comedy,Comedy,0,-52340592,-38.90305767216443
157637208,188306343,20.87632650091118,146,5.245835960437947,Movie 956,Animation,Animation,1,30669135,19.455517760756077
183984073,467633318,32.18602686529643,169,4.387885093573761,Movie 957,Romance,Romance,1,283649245,154.17054333828125
169239170,205017304,79.34956530019059,97,7.409103122997607,Movie 958,Comedy,Comedy,1,35778134,21.140575198992053
103318312,262998485,91.6630357059586,88,4.827452197731411,Movie 959,,,1,159680173,154.55166650419145
181741265,332404530,36.619615260984645,117,4.056238092929824,Movie 960,Comedy,Comedy,1,150663265,82.89986591652699
105884334,285851351,31.3902559386928,166,7.719155322621548,Movie 961,Romance,Romance,1,179967017,169.9656693312157
94198563,182457801,20.32451929261637,100,4.875261913420333,Movie 962,Comedy,Comedy,1,88259238,93.69488789335352
160371374,92080521,68.17062569640754,144,8.48665037692403,Movie 963,Animation,Animation,0,-68290853,-42.582944385074605
105544289,230989008,32.9868704649674,100,8.043795868914751,Movie 964,Adventure,Adventure,1,125444719,118.85505145617117
104231399,63803574,98.78720437081968,106,8.08584197705553,Movie 965,Science Fiction,Science Fiction,0,-40427825,-38.786608822165
9411883,15308357,33.24279540433137,149,7.629418356334957,Movie 966,Thriller,Thriller,1,5896474,62.6492488272538
12082322,34115242,40.01946863148019,123,8.28528854264842,Movie 967,Romance,Romance,1,22032920,182.35666952097455
17203305,15706786,60.73008542499144,179,7.834481353068721,Movie 968,Comedy,Comedy,0,-1496519,-8.699020333592875
146066408,215401339,80.3667450259392,107,6.615068181448372,Movie 969,Horror,Horror,1,69334931,47.46808793983624
108145828,251401282,47.48234786921773,124,4.774936311491179,Movie 970,Action,Action,1,143255454,132.46507669255627
106859763,289124732,42.84294734510687,96,8.329255159284894,Movie 971,Horror,Horror,1,182264969,170.56463900261505
90838873,197788702,99.56814552588602,119,8.043621736639151,Movie 972,Comedy,Comedy,1,106949829,117.73575064058754
194510719,222799022,2.0388704728545,82,5.83727593326327,Movie 973,Action,Action,1,28288303,14.543313163116734
36555041,79928314,89.61146359627334,155,3.234472116011731,Movie 974,Adventure,Adventure,1,43373273,118.65196102501979
188246519,233768123,15.764941768034006,155,6.831262364411481,Movie 975,Romance,Romance,1,45521604,24.181910104802522
77658629,178309887,78.80660234468243,145,3.3035811220594904,Movie 976,Romance,Romance,1,100651258,129.607307386279
186863908,539117850,62.1752244247835,125,8.557679771090443,Movie 977,Animation,Animation,1,352253942,188.50828165276303
33359860,76843891,34.84288126431112,165,8.769787539751842,Movie 978,Thriller,Thriller,1,43484031,130.34836177370047
169716949,450972090,87.51362059658082,166,4.136940875397626,Movie 979,Drama,Drama,1,281255141,165.7201255721372
163490644,82605218,2.277815570118205,109,7.05833626832946,Movie 980,Science Fiction,Science Fiction,0,-80885426,-49.47403962761319
120654085,276772062,23.442374555417445,148,3.5536140273765766,Movie 981,Adventure,Adventure,1,156117977,129.3930304970611
154250307,397035491,57.12238682870407,88,7.3771015714387325,Movie 982,Action,Action,1,242785184,157.39688868171913
165572509,99574784,35.8026837449201,164,5.083725996916048,Movie 983,Adventure,Adventure,0,-65997725,-39.860315820907196
110039037,294793954,61.427372036514434,90,7.086300670382672,Movie 984,Animation,Animation,1,184754917,167.89943099920077
151732605,173238512,3.386909147458016,148,5.237259055213067,Movie 985,Romance,Romance,1,21505907,14.173556830451833
94481782,204385849,12.52943411768954,178,3.8734050589994142,Movie 986,Thriller,Thriller,1,109904067,116.32302510975079
129050312,322740273,13.582527781625483,170,5.436659883015347,Movie 987,Action,Action,1,193689961,150.0887196615224
77165878,166420661,19.739080945684933,145,3.67604115980874,Movie 988,Adventure,Adventure,1,89254783,115.6661277151541
106275634,77656878,46.47381263925374,167,6.461299649861675,Movie 989,Romance,Romance,0,-28618756,-26.928802890039687
79350878,157972029,75.46074125481356,110,3.245709192896878,Movie 990,Romance,Romance,1,78621151,99.08037942566936
153028199,286768592,90.6483449549612,112,6.163918077599158,Movie 991,Horror,Horror,1,133740393,87.39591387336395
41636644,114534212,83.70188049814035,118,8.318211882573245,Movie 992,Drama,Drama,1,72897568,175.08031627140747
193752163,292681886,20.49189930579267,173,8.027239620716177,Movie 993,Adventure,Adventure,1,98929723,51.05993216705406
93815365,122213533,44.673904670832606,125,8.29669019775898,Movie 994,Science Fiction,Science Fiction,1,28398168,30.270273957789325
99164033,235477581,20.74174817809497,116,8.532292812762645,Movie 995,Adventure,Adventure,1,136313548,137.46269073183015
58975251,90331702,27.18270985005189,171,3.627167327254165,Movie 996,Drama,Drama,1,31356451,53.16883009111737
138311963,292563057,50.851151169676726,139,3.7724832172542784,Movie 997,Science Fiction,Science Fiction,1,154251094,111.52404365774203
183087754,387436614,7.742793447628731,110,6.342040837878772,Movie 998,Drama,Drama,1,204348860,111.612522156998
23763342,64638610,22.59925862973405,90,8.363836010546574,Movie 999,Action,Action,1,40875268,172.00976192658425
20636869,41206276,93.6024379694046,166,8.846096739144183,Movie 1000,Animation,Animation,1,20569407,99.67309963541466
162349749,284986155,47.14551297319041,81,3.27757150404,Movie 1001,Thriller,Thriller,1,122636406,75.53840197190573
34942384,29602430,45.09326607180935,106,5.134644505203961,Movie 1002,Drama,Drama,0,-5339954,-15.282168497718986
198085687,156357751,2.442148320376611,178,4.277365527959961,Movie 1003,Horror,Horror,0,-41727936,-21.06559874767731
153025061,135550197,25.49257495877623,81,7.535795093587488,Movie 1004,Science Fiction,Science Fiction,0,-17474864,-11.419609236424352
188446194,175183577,86.76295116223595,100,6.841163211222192,Movie 1005,Romance,Romance,0,-13262617,-7.037880000908907
36912253,77319828,17.298214397608206,137,3.7193281889030727,Movie 1006,,,1,40407575,109.46927298098007
133960449,315135676,42.09736901393739,84,5.901132404189829,Movie 1007,Horror,Horror,1,181175227,135.2453118457374
151481610,276450727,2.418759680833124,131,7.112643134227748,Movie 1008,Science Fiction,Science Fiction,1,124969117,82.49788010571052
40138695,103258572,48.35521268538503,124,7.674032363544226,Movie 1009,Animation,Animation,1,63119877,157.25443241241402
169016921,503359106,3.081089565895498,164,3.120316258704051,Movie 1010,Drama,Drama,1,334342185,197.8158062647467
129759218,330890102,82.14134575351419,172,8.34281744390334,Movie 1011,Romance,Romance,1,201130884,155.00315669288327
113023724,252857346,82.66052298122325,99,6.415688297703147,Movie 1012,Animation,Animation,1,139833622,123.72059338621686
84721515,155144728,78.98647664193462,140,7.871454689759428,Movie 1013,Animation,Animation,1,70423213,83.12317479214106
76495044,124085110,29.053042820220703,117,7.8476281800857,Movie 1014,Adventure,Adventure,1,47590066,62.21326704511733
131971033,93828890,83.88648460395999,99,4.139115961625815,Movie 1015,Drama,Drama,0,-38142143,-28.901905314327575
49014453,73444328,54.75681512792166,104,3.6610327215217984,Movie 1016,Comedy,Comedy,1,24429875,49.842186344505365
101727619,282328383,38.00700277783324,81,7.32772361384296,Movie 1017,Animation,Animation,1,180600764,177.53365877952967
52569363,132477768,62.90766601071907,111,3.9385615129297142,Movie 1018,Science Fiction,Science Fiction,1,79908405,152.00565584178753
33686304,35038081,2.2217635599770267,105,8.099624948428342,Movie 1019,Science Fiction,Science Fiction,1,1351777,4.012838570832822
129161931,215250871,15.153126882474464,149,7.357136903172631,Movie 1020,Comedy,Comedy,1,86088940,66.65194561081624
85740096,217934862,74.48706027885602,120,8.050952186191576,Movie 1021,,,1,132194766,154.18080007748068
77362381,51713764,25.171999262899146,146,4.794076077656077,Movie 1022,Adventure,Adventure,0,-25648617,-33.1538619526201
166916991,245114507,60.202902615546215,176,4.8995883624634144,Movie 1023,Drama,Drama,1,78197516,46.84814621418619
107472997,282611325,39.12515767947993,80,7.027329338077906,Movie 1024,Animation,Animation,1,175138328,162.96030899743124
81480036,123014049,85.62577210112688,130,3.188675730353685,Movie 1025,Romance,Romance,1,41534013,50.97446569611236
27216317,18889120,95.28911529366772,84,7.358980478024536,Movie 1026,Animation,Animation,0,-8327197,-30.596340423283575
127111882,235962352,88.47290810864885,92,8.014698425127607,Movie 1027,Science Fiction,Science Fiction,1,108850470,85.63359167320014
188432803,500167785,27.79137947466607,98,5.490981519624624,Movie 1028,Action,Action,1,311734982,165.4356232232028
35970444,71067304,20.222124035562143,91,7.589272980530812,Movie 1029,Action,Action,1,35096860,97.5713838839465
140970538,150231988,47.96905446845276,127,4.047665501893571,Movie 1030,Horror,Horror,1,9261450,6.5697770125556305
135789378,198333836,1.7260809327818474,104,4.933562362916908,Movie 1031,Thriller,Thriller,1,62544458,46.05990462670799
104527089,169888756,3.555129893454992,136,8.845829778662864,Movie 1032,Romance,Romance,1,65361667,62.530840211191574
73017911,142251003,55.77577332267701,114,8.917969041360758,Movie 1033,Horror,Horror,1,69233092,94.81658822038884
41435721,99378503,52.524491012363306,155,6.075630318129528,Movie 1034,Drama,Drama,1,57942782,139.837754965094
4757974,3555082,99.46361691449074,173,8.605618748783261,Movie 1035,Animation,Animation,0,-1202892,-25.281600950320453
62119361,169221220,20.982341701012054,84,6.136384068341128,Movie 1036,Comedy,Comedy,1,107101859,172.41300824069972
43321932,22994166,26.55228898688637,177,4.749528768966944,Movie 1037,Thriller,Thriller,0,-20327766,-46.922574921173876
109955219,156700573,12.240523590302384,101,4.601395728592631,Movie 1038,Action,Action,1,46745354,42.51308343990475
20931456,11900595,91.83675795572071,156,8.577034232208893,Movie 1039,Horror,Horror,0,-9030861,-43.14492503531527
60376958,89504949,78.00331320138662,136,4.034678333843154,Movie 1040,Science Fiction,Science Fiction,1,29127991,48.243555099281416
12643208,22941499,82.4115720342279,126,6.47779474921091,Movie 1041,,,1,10298291,81.45314859962757
44928336,79936651,90.37361500848635,133,6.3331504083763175,Movie 1042,Science Fiction,Science Fiction,1,35008315,77.92034630439018
143329802,131013596,52.96509868585799,82,7.43773010791797,Movie 1043,Romance,Romance,0,-12316206,-8.592913565875156
154185166,326001602,45.66812595362164,132,5.995457445148649,Movie 1044,Thriller,Thriller,1,171816436,111.43512729363343
147356119,90174006,33.70875589289604,163,4.633713964248805,Movie 1045,Animation,Animation,0,-57182113,-38.80538751159699
188268645,452742234,59.332246820437696,110,4.016378997789471,Movie 1046,Horror,Horror,1,264473589,140.47670497655093
159230518,456451967,45.97356128219243,148,6.724912821035351,Movie 1047,Animation,Animation,1,297221449,186.66110789139051
191221730,258038822,45.70499307395193,167,7.313944541119398,Movie 1048,Adventure,Adventure,1,66817092,34.9422066205551
157200541,281876047,93.75585850938276,112,6.417127672092196,Movie 1049,Romance,Romance,1,124675506,79.30984537769497
190834334,276189893,98.41911991363388,151,7.430107662727169,Movie 1050,Romance,Romance,1,85355559,44.7275693062654
165185668,85363984,79.8519545436285,167,3.849127214699761,Movie 1051,Horror,Horror,0,-79821684,-48.32240288546099
78822269,115449894,75.9190509344459,129,8.294821169658814,Movie 1052,Adventure,Adventure,1,36627625,46.4686255098797
119227179,295600022,68.37525801613104,163,6.494373050451019,Movie 1053,Drama,Drama,1,176372843,147.93006467090862
144959985,288466326,17.441410381017857,95,3.761063561355583,Movie 1054,Adventure,Adventure,1,143506341,98.99721016113516
187261879,141036244,6.851476266689798,155,5.77155122523441,Movie 1055,Drama,Drama,0,-46225635,-24.685021450628508
4609736,12067591,69.38190519621304,156,8.068750427195468,Movie 1056,Romance,Romance,1,7457855,161.78486143241176
76169697,139216373,73.14983600340102,118,8.385373160718961,Movie 1057,,,1,63046676,82.77133621786628
19161634,49902804,5.65032611871584,168,4.587897029992569,Movie 1058,Drama,Drama,1,30741170,160.43083799638381
18163810,35429488,92.87712327265596,125,7.267594948262719,Movie 1059,Action,Action,1,17265678,95.05537659775123
147443583,280027965,10.022923305023076,175,3.59991148490266,Movie 1060,Adventure,Adventure,1,132584382,89.92211075065913
52424149,40007382,29.30415284334904,167,3.201275228472947,Movie 1061,Comedy,Comedy,0,-12416767,-23.68520469450062
126966143,116605621,67.56659146707175,126,6.3623937229196565,Movie 1062,Comedy,Comedy,0,-10360522,-8.160066735271307
136353692,399524927,17.817386846043156,123,7.168965475968755,Movie 1063,Horror,Horror,1,263171235,193.00631404978753
64446855,69036558,6.486172955782199,88,7.774720387059012,Movie 1064,,,1,4589703,7.121686543121461
67318090,198159569,33.78350242725083,166,5.041297430732008,Movie 1065,Drama,Drama,1,130841479,194.36302931351736
195421608,357578895,76.83118591066273,129,3.039152462573322,Movie 1066,Horror,Horror,1,162157287,82.97817659959077
3155748,2649164,41.95418921954077,156,5.877115422668123,Movie 1067,Action,Action,0,-506584,-16.052739318855625
61676365,46149679,65.644319268886,139,3.0951212722414017,Movie 1068,Action,Action,0,-15526686,-25.174450537089854
167026013,170727338,58.382290625585526,175,3.5519070640248,Movie 1069,,,1,3701325,2.216017094295366
55256930,155498157,3.1996297205324606,94,4.96013413519049,Movie 1070,Comedy,Comedy,1,100241227,181.4093309201217
169645332,260469296,98.86545871752496,115,5.623032297361063,Movie 1071,Animation,Animation,1,90823964,53.53755563400943
9910852,14753152,5.101380793119388,142,4.676816647377891,Movie 1072,Animation,Animation,1,4842300,48.858564329282686
173645754,222790220,96.81247102720002,148,6.491191599028247,Movie 1073,Science Fiction,Science Fiction,1,49144466,28.301565035676024
38617741,33506861,55.43655365807542,165,3.332098735308571,Movie 1074,Action,Action,0,-5110880,-13.234539016665941
100065241,172074989,96.3527436794416,159,3.867478261437508,Movie 1075,Drama,Drama,1,72009748,71.9627987504672
142158973,117298134,12.36060634196971,120,7.171550404532601,Movie 1076,Drama,Drama,0,-24860839,-17.488054728701506
199987907,517708813,49.55044339936581,153,3.8528451215875066,Movie 1077,Animation,Animation,1,317720906,158.87005907812215
16876696,24066041,17.780905094739804,103,6.838651209422535,Movie 1078,Comedy,Comedy,1,7189345,42.59924454407427
10451244,15018530,6.046512825221798,161,3.3281077245201933,Movie 1079,Horror,Horror,1,4567286,43.70088383736903
111838825,188450217,62.13538239116885,128,5.444293674714842,Movie 1080,Animation,Animation,1,76611392,68.50160666476958
75926168,122265372,21.57055867520745,97,4.064456820727094,Movie 1081,Horror,Horror,1,46339204,61.03192775381473
18606951,55581659,59.18200481046705,86,3.657817695211119,Movie 1082,Adventure,Adventure,1,36974708,198.71449115978217
63056263,117502370,12.124083712949576,83,6.402196701007365,Movie 1083,Animation,Animation,1,54446107,86.34528024599237
8021862,5779785,33.86666067183757,169,8.57001463203373,Movie 1084,Thriller,Thriller,0,-2242077,-27.949583276301688
113882279,229722576,78.38162324727146,148,3.328722287541293,Movie 1085,,,1,115840297,101.7193351039278
9351245,8219377,44.268100662376575,139,5.5293254893082056,Movie 1086,Comedy,Comedy,0,-1131868,-12.103928407393882
106945887,61744578,63.1467960748363,134,7.245212626472663,Movie 1087,Comedy,Comedy,0,-45201309,-42.265588951541446
109146354,319455593,65.09833613380906,95,5.776126990126962,Movie 1088,Adventure,Adventure,1,210309239,192.6855376222645
171858336,418276934,84.53174935474206,178,7.838975676631471,Movie 1089,Animation,Animation,1,246418598,143.38472240299126
6345854,18721998,33.16735664625749,169,4.07787189518479,Movie 1090,Romance,Romance,1,12376144,195.0272414083274
12683982,21495495,69.04226069566924,161,8.757565230166442,Movie 1091,Drama,Drama,1,8811513,69.46961135706437
65365536,119661015,96.1999648975704,108,5.310975766635243,Movie 1092,Horror,Horror,1,54295479,83.06438273526894
193039576,177759024,73.29409010142894,102,5.049417797665651,Movie 1093,Action,Action,0,-15280552,-7.9157612737400544
185092816,206798385,49.49717719505671,93,8.247634767018996,Movie 1094,Drama,Drama,1,21705569,11.726856540990765
106546976,276635695,63.44102700470099,158,6.383202191350599,Movie 1095,Thriller,Thriller,1,170088719,159.6373030802864
71790126,99821594,74.22860687854771,128,6.098666051416929,Movie 1096,Science Fiction,Science Fiction,1,28031468,39.046411480041144
39187510,100595805,61.61530080369337,112,7.361867517170586,Movie 1097,Comedy,Comedy,1,61408295,156.70374310590287
137826817,313216170,2.650905535494076,104,6.479005429686542,Movie 1098,Science Fiction,Science Fiction,1,175389353,127.25343065856333
188058125,177325142,20.28257627103536,100,3.975093868542692,Movie 1099,Science Fiction,Science Fiction,0,-10732983,-5.707268962720968
18691444,33057985,81.23635350433113,96,7.045185737189578,Movie 1100,Science Fiction,Science Fiction,1,14366541,76.86158971987396
136171687,298688279,27.992414083935984,102,3.8008132756927706,Movie 1101,,,1,162516592,119.34683015273211
179350183,195060010,73.42464983655226,136,7.835146232004372,Movie 1102,Horror,Horror,1,15709827,8.759303579857512
185036390,476787203,37.83990130892817,160,8.938419586273625,Movie 1103,Comedy,Comedy,1,291750813,157.67212762851673
11016389,20513278,52.666548487636376,137,5.264325749848657,Movie 1104,,,1,9496889,86.20691408046683
88255618,80586657,7.729356682120966,93,5.668535389212075,Movie 1105,Adventure,Adventure,0,-7668961,-8.689487619926926
12630982,24724655,18.941330543921246,172,3.2786019328968736,Movie 1106,Romance,Romance,1,12093673,95.74610271790428
185894642,557550920,95.76249938840422,99,3.08239912849547,Movie 1107,Animation,Animation,1,371656278,199.92845086949845
97231367,85204209,89.12366729124449,109,8.528516009257967,Movie 1108,Thriller,Thriller,0,-12027158,-12.369627591474673
27704425,70421665,65.57523597900597,98,3.771744362635152,Movie 1109,Romance,Romance,1,42717240,154.18923150363165
62298111,63436453,46.504815141188,132,5.6746724853568224,Movie 1110,Romance,Romance,1,1138342,1.8272496255945867
180232243,442645130,67.90036799662715,135,7.892127743133368,Movie 1111,Science Fiction,Science Fiction,1,262412887,145.59708220465302
190086734,444127162,62.24241862029996,156,8.335912559569916,Movie 1112,Horror,Horror,1,254040428,133.64448041913332
16586926,20753951,57.2866733048566,161,6.116386111700805,Movie 1113,Romance,Romance,1,4167025,25.12234635881296
144714291,190235299,6.85853011449064,102,6.390195149855699,Movie 1114,Thriller,Thriller,1,45521008,31.455779305168967
82143014,203821746,63.64745845548918,141,7.018103834779635,Movie 1115,Science Fiction,Science Fiction,1,121678732,148.13034739631055
46745050,77298258,77.12308441254567,112,8.768294820862291,Movie 1116,Adventure,Adventure,1,30553208,65.3613762312801
166773731,388089988,99.41408380991196,97,6.616019765667031,Movie 1117,Horror,Horror,1,221316257,132.70450668277007
115567717,100539333,2.096776706836658,152,6.356851556738078,Movie 1118,Action,Action,0,-15028384,-13.003963728036611
11321336,29790900,73.28717187775699,112,3.087204811595944,Movie 1119,Comedy,Comedy,1,18469564,163.1394386669559
84667964,192806886,57.60714227766207,111,3.485698212134136,Movie 1120,Science Fiction,Science Fiction,1,108138922,127.72117916996326
123715546,342365084,43.97116543201472,140,6.463029759743978,Movie 1121,Romance,Romance,1,218649538,176.7357014291478
78859104,65526470,13.629447282565716,133,8.61744232684322,Movie 1122,Drama,Drama,0,-13332634,-16.906905257254763
145020733,287508860,41.499429714852745,96,8.20014809039637,Movie 1123,Drama,Drama,1,142488127,98.25362487996803
74205955,148248765,36.08334111562739,98,8.895473537953228,Movie 1124,,,1,74042810,99.78014567698779
32738453,45298621,30.98015900889548,170,6.167004225367644,Movie 1125,Action,Action,1,12560168,38.36518481798758
115091841,189460282,73.35708270889856,149,7.727585630626601,Movie 1126,,,1,74368441,64.61660562020204
54509641,32430723,70.37182660714211,178,8.042401988936042,Movie 1127,Action,Action,0,-22078918,-40.50461091827774
8583354,20296628,59.31298900711025,113,6.888189943985171,Movie 1128,,,1,11713274,136.46499957941847
20908425,39167882,93.92781651604383,163,5.032499425287043,Movie 1129,Thriller,Thriller,1,18259457,87.33061911645665
128052640,82511055,35.63558403390459,104,5.819870607946767,Movie 1130,Science Fiction,Science Fiction,0,-45541585,-35.56473728304235
174585525,384418074,25.136391833307776,147,8.147502433461407,Movie 1131,Romance,Romance,1,209832549,120.18897271122565
38612325,64365015,65.93442799674156,153,4.791287555892984,Movie 1132,Adventure,Adventure,1,25752690,66.695517558189
157686220,92428274,20.68259203280289,153,8.542458787599891,Movie 1133,Science Fiction,Science Fiction,0,-65257946,-41.38468535804841
17413486,50917369,32.18604021115904,167,4.37883804853599,Movie 1134,Comedy,Comedy,1,33503883,192.4019291714479
146823971,421793019,23.2356415674136,164,7.497098490940684,Movie 1135,Thriller,Thriller,1,274969048,187.27803513773645
84752812,151051211,7.846203204131622,90,6.78335540607443,Movie 1136,Action,Action,1,66298399,78.22560388910755
11688727,8581641,82.92237542193166,170,7.497596646724574,Movie 1137,Action,Action,0,-3107086,-26.581902374826615
179060211,427336693,26.199513749244456,95,5.624085434595569,Movie 1138,Adventure,Adventure,1,248276482,138.65530516994644
96723191,167314459,47.82972283095905,169,8.595846375323909,Movie 1139,Comedy,Comedy,1,70591268,72.98277411050262
10828366,13601712,5.288212052176883,140,6.794833214468865,Movie 1140,Comedy,Comedy,1,2773346,25.611860552183035
172200135,297655758,70.23460715901166,173,4.729774827325538,Movie 1141,,,1,125455623,72.85454392936451
108019524,195095181,33.72553922832279,159,6.830730423912862,Movie 1142,Romance,Romance,1,87075657,80.61103564944426
180320878,343832108,74.7289360550918,86,4.720894483242187,Movie 1143,Thriller,Thriller,1,163511230,90.67792471596107
146836355,235387382,41.82790298631875,95,4.761794350559246,Movie 1144,Romance,Romance,1,88551027,60.30592832408568
150261131,302684257,20.37980503415684,178,5.397591069725207,Movie 1145,Comedy,Comedy,1,152423126,101.43882518759959
94982380,265650213,51.804333145921554,95,8.114582505414713,Movie 1146,Action,Action,1,170667833,179.6836771199037
140743361,197838750,13.91995140410654,119,6.001787246363952,Movie 1147,Thriller,Thriller,1,57095389,40.567021132883134
53411802,123610461,44.61337682742648,91,7.0734050533812445,Movie 1148,Action,Action,1,70198659,131.42911561006684
70353566,192496600,32.41324226462817,114,5.351806441646778,Movie 1149,Thriller,Thriller,1,122143034,173.613138529467
155372722,254803214,91.28399883576368,100,4.581632638841288,Movie 1150,,,1,99430492,63.99481885887279
28695858,46161293,7.0319434503512745,129,8.727840964297389,Movie 1151,,,1,17465435,60.863958136397244
13920739,27915153,69.70772399646846,122,6.621487482738376,Movie 1152,Drama,Drama,1,13994414,100.52924632808646
184500067,365036500,19.092365432756157,179,8.60370803149631,Movie 1153,Drama,Drama,1,180536433,97.8516896690341
124175705,312484853,32.585462358891746,96,4.22047801318989,Movie 1154,Comedy,Comedy,1,188309148,151.64733552348264
8726890,14758990,42.13589224314453,111,3.8813649834775967,Movie 1155,Drama,Drama,1,6032100,69.12084373700138
157892442,472146933,90.89349384812245,120,8.134937442743421,Movie 1156,Science Fiction,Science Fiction,1,314254491,199.03073701273175
143575684,93134519,25.01524834130869,85,7.085503275703509,Movie 1157,Adventure,Adventure,0,-50441165,-35.13210844254101
62413011,31700792,10.039571451922352,167,4.119470995521848,Movie 1158,,,0,-30712219,-49.20803933013262
93663037,196738813,32.550270795061834,106,4.616158203981227,Movie 1159,,,1,103075776,110.04957697453266
144669065,180270281,11.3629210830178,99,7.803983649151867,Movie 1160,Action,Action,1,35601216,24.608727511994356
129953191,143072741,13.731052110094698,104,5.723211719975616,Movie 1161,Comedy,Comedy,1,13119550,10.095596652182246
90729573,116110962,57.81120919952764,145,7.0232430390365455,Movie 1162,Adventure,Adventure,1,25381389,27.974769593592157
172158661,196281345,7.029291376849839,88,4.9101121328160655,Movie 1163,Thriller,Thriller,1,24122684,14.011891042763164
112030983,64639090,4.062157257963038,171,5.28737971664926,Movie 1164,Action,Action,0,-47391893,-42.30248787516218
106251630,311193238,71.72699604557928,132,8.94427535173863,Movie 1165,Horror,Horror,1,204941608,192.88326023798413
163906457,172407255,36.80306238926341,140,4.485702523048311,Movie 1166,Drama,Drama,1,8500798,5.18637163879395
43019117,100452839,13.412159574153454,117,6.038738262219084,Movie 1167,Action,Action,1,57433722,133.50744042468375
122768331,295440882,26.10766431511112,82,8.066414059143193,Movie 1168,Action,Action,1,172672551,140.6490986669844
159279897,449670005,64.56656422788751,163,4.435339281995148,Movie 1169,Science Fiction,Science Fiction,1,290390108,182.31434943733043
102918860,59319718,28.278120146944268,149,5.491282540105984,Movie 1170,Adventure,Adventure,0,-43599142,-42.362635963904
61628583,165172050,49.957591386920384,176,6.69054772421993,Movie 1171,,,1,103543467,168.01208458743892
26291709,47800047,13.047835365940555,134,5.887128908850615,Movie 1172,Action,Action,1,21508338,81.80654213082916
165474065,344411145,59.22127012293925,80,5.757013599421905,Movie 1173,Comedy,Comedy,1,178937080,108.13602723786353
26836512,56656591,32.291690700483144,149,5.175058387932742,Movie 1174,Drama,Drama,1,29820079,111.11756624705924
78782638,200855903,63.06987501834293,124,6.519877966649551,Movie 1175,Adventure,Adventure,1,122073265,154.94945091836095
166766759,222386525,81.03109334809827,177,6.746236187541662,Movie 1176,Action,Action,1,55619766,33.35183002507112
131837162,307527052,61.55299551960925,126,6.919737245408175,Movie 1177,Drama,Drama,1,175689890,133.26279732872283
171564587,312495506,30.279008696907045,158,3.422208647436176,Movie 1178,Science Fiction,Science Fiction,1,140930919,82.14452729688324
12309411,30570238,26.318626453281738,105,6.786205054272293,Movie 1179,Romance,Romance,1,18260827,148.34850343367364
188907055,562256362,33.41467491461135,93,8.719423072687396,Movie 1180,Drama,Drama,1,373349307,197.63650807006653
40302467,40368061,17.297430810413978,133,6.245917413168503,Movie 1181,Horror,Horror,1,65594,0.16275430484193437
173162180,517169907,18.93601323415199,150,7.291602495055466,Movie 1182,Romance,Romance,1,344007727,198.6621599473973
99881316,72367048,79.27841908811662,125,6.3403938465553065,Movie 1183,Horror,Horror,0,-27514268,-27.54696183618566
85776775,43385366,39.088525074237054,110,8.128443711551872,Movie 1184,Thriller,Thriller,0,-42391409,-49.420614146428335
114246334,69736515,44.163522876488,167,8.577498567585414,Movie 1185,Comedy,Comedy,0,-44509819,-38.959516197692615
119279273,161558528,59.81089709111431,138,4.105319395778156,Movie 1186,Comedy,Comedy,1,42279255,35.44560084634319
92253744,192096818,59.37569602000322,174,5.62116021934276,Movie 1187,Science Fiction,Science Fiction,1,99843074,108.22658211031522
60220571,40502781,7.670310280670647,108,5.354292605596328,Movie 1188,Action,Action,0,-19717790,-32.74261547603061
190902201,98155141,83.32253784742889,175,5.4312907397956725,Movie 1189,Romance,Romance,0,-92747060,-48.583546713534226
28580296,81245995,18.555328769170004,96,3.753145087367256,Movie 1190,Science Fiction,Science Fiction,1,52665699,184.27275560756965
64655986,165184185,72.58409196891722,93,7.881694355884315,Movie 1191,Horror,Horror,1,100528199,155.4816579550732
180301837,454893949,77.49442782468849,115,3.2145974580896115,Movie 1192,Horror,Horror,1,274592112,152.29579274891137
120999784,328037757,71.77505387504006,137,6.169359646362942,Movie 1193,Romance,Romance,1,207037973,171.10606825546068
154271050,347123080,58.318787008860376,103,6.971270328268147,Movie 1194,Horror,Horror,1,192852030,125.00856771247749
58292182,44360952,2.446290713779403,142,4.244816628353263,Movie 1195,,,0,-13931230,-23.898968132639126
175034265,262157652,36.67717374395389,170,8.435101152592773,Movie 1196,Adventure,Adventure,1,87123387,49.77504661730091
114378925,263972114,60.87910350689553,104,8.031295242148758,Movie 1197,Action,Action,1,149593189,130.78737101262317
108334614,130092121,39.35767829633133,138,5.826502376903552,Movie 1198,Comedy,Comedy,1,21757507,20.083615196155126
197889400,439020782,86.4845095963685,111,5.466893594040832,Movie 1199,Drama,Drama,1,241131382,121.85159083811463
85380672,47919570,31.57142525961192,161,4.4194075512666,Movie 1200,Drama,Drama,0,-37461102,-43.875389034183286
81908854,103642823,30.059944453407383,97,7.379959347869782,Movie 1201,Thriller,Thriller,1,21733969,26.53433412705298
172350386,322782256,27.333771616173134,116,3.790462797791785,Movie 1202,Thriller,Thriller,1,150431870,87.28258374773817
124589543,259174228,33.945306027118754,105,7.0814265230626985,Movie 1203,Adventure,Adventure,1,134584685,108.02245658770897
195967438,380686670,56.18309146710453,88,8.054741916710482,Movie 1204,Drama,Drama,1,184719232,94.26016581387363
104090836,233620503,70.9945141329865,178,4.370829455502142,Movie 1205,Thriller,Thriller,1,129529667,124.43906877642907
19492846,10043140,66.59422385613972,143,8.198564417392538,Movie 1206,Animation,Animation,0,-9449706,-48.47781591256607
98483912,74094666,80.96406417816648,151,3.1999391966370507,Movie 1207,Animation,Animation,0,-24389246,-24.76470065486432
78652169,210186959,88.70548555424506,99,8.476724312319153,Movie 1208,Comedy,Comedy,1,131534790,167.23606185609452
163306360,359987903,81.79182519199178,133,3.710173367107788,Movie 1209,Romance,Romance,1,196681543,120.43716056129105
20894388,16346287,2.8755949340611027,165,6.874555067628196,Movie 1210,,,0,-4548101,-21.767093632988914
178045145,463840735,73.85587740164688,162,4.500494813483651,Movie 1211,Adventure,Adventure,1,285795590,160.51860891797975
91190760,100818502,21.63155778821483,109,8.019314347017684,Movie 1212,Drama,Drama,1,9627742,10.557804321402738
100508798,170427714,14.15987622809028,132,6.073802165492799,Movie 1213,Thriller,Thriller,1,69918916,69.56497081976843
170670899,147287497,64.21038969511442,171,3.811447147479008,Movie 1214,Drama,Drama,0,-23383402,-13.700872343796583
161612888,367713786,32.6545763453618,178,6.425949427955871,Movie 1215,Action,Action,1,206100898,127.52751377105518
193653386,419673234,6.6545991736738825,142,5.447295661181899,Movie 1216,Romance,Romance,1,226019848,116.7136049973327
146367425,150433684,14.625343705437771,90,6.968686899678607,Movie 1217,Comedy,Comedy,1,4066259,2.778117467052522
122118598,324652526,1.0920122701261454,110,8.291419708580758,Movie 1218,,,1,202533928,165.85019097582497
148975377,223949479,90.41913910712604,128,5.456334787100511,Movie 1219,Animation,Animation,1,74974102,50.326505970177884
187130906,230411988,3.43718040028262,179,4.739284077203158,Movie 1220,,,1,43281082,23.12877275333664
187636634,165274845,21.736121181441597,173,3.087090567165653,Movie 1221,Horror,Horror,0,-22361789,-11.917602934616701
64213072,74835200,42.21001528810282,166,6.449034227159249,Movie 1222,Thriller,Thriller,1,10622128,16.542002538050195
106519743,59125626,36.30056126913109,98,5.413648604588602,Movie 1223,Adventure,Adventure,0,-47394117,-44.49327013490823
160364010,314015780,91.2608618143648,91,5.247895314088972,Movie 1224,Action,Action,1,153651770,95.81437256401857
142075386,370188338,4.98860562771967,94,4.097611927705275,Movie 1225,Action,Action,1,228112952,160.5576859034541
65164715,122017743,51.7092560600281,110,5.580332071147646,Movie 1226,Adventure,Adventure,1,56853028,87.24511110038615
163132730,170993265,68.36746678991302,122,8.90665172150021,Movie 1227,,,1,7860535,4.818490440269098
69105394,40369501,93.23809939443572,116,4.7865249220334665,Movie 1228,Adventure,Adventure,0,-28735893,-41.582706264579
65991256,68404568,62.41675396024838,158,6.598226480448601,Movie 1229,Romance,Romance,1,2413312,3.6570178327868166
175003379,269558329,80.5717683651645,108,7.658921287894,Movie 1230,Animation,Animation,1,94554950,54.03035675099736
189658373,454995855,9.288768846689493,105,7.49494693905919,Movie 1231,Horror,Horror,1,265337482,139.9028568066436
146509876,142057020,39.20801158275581,81,4.9726457249555445,Movie 1232,Thriller,Thriller,0,-4452856,-3.039287262791759
172136855,395825020,38.02076631342768,163,6.665160501101102,Movie 1233,Comedy,Comedy,1,223688165,129.94786328587216
131978076,352029565,88.74253342911605,94,8.227588111620943,Movie 1234,Romance,Romance,1,220051489,166.73336638124653
78688894,128645885,15.985745955064218,83,3.092684566398468,Movie 1235,Comedy,Comedy,1,49956991,63.48671135217633
119485994,305117042,16.036731061326396,165,5.614406141059845,Movie 1236,Action,Action,1,185631048,155.3579978587281
32199893,60749714,33.52725683869405,129,4.345640509451432,Movie 1237,Comedy,Comedy,1,28549821,88.66433500260389
141003993,295082876,6.39213868931692,117,5.3317937423930335,Movie 1238,Drama,Drama,1,154078883,109.27270903597743
57240283,103930961,19.06334602459652,102,5.49593764785145,Movie 1239,Comedy,Comedy,1,46690678,81.56961418237573
109150641,180964317,96.55575421602778,138,7.480025788719821,Movie 1240,Science Fiction,Science Fiction,1,71813676,65.7931784385948
166516756,180942702,43.39021004685012,169,3.562931234372659,Movie 1241,Drama,Drama,1,14425946,8.66335998042143
66170480,83241481,63.5699016338212,154,6.075503418795063,Movie 1242,Romance,Romance,1,17071001,25.79851468509825
164386192,201360805,72.88501467511905,107,6.385168750792472,Movie 1243,Animation,Animation,1,36974613,22.492529664535326
102233747,195084718,37.32917929371285,145,5.964945621310826,Movie 1244,Romance,Romance,1,92850971,90.82223211480256
93294504,74624802,15.57548036664118,87,7.39123951837632,Movie 1245,Drama,Drama,0,-18669702,-20.011577530869342
102630640,286542614,21.4515206059563,108,5.3027475354410845,Movie 1246,Animation,Animation,1,183911974,179.1979217902178
171184309,394004287,32.013381181480426,90,8.669802381840457,Movie 1247,Drama,Drama,1,222819978,130.1637862147751
99138587,149066175,63.97077361487034,97,5.890820655233648,Movie 1248,Romance,Romance,1,49927588,50.361407713022984
151623294,135939435,40.42977435981639,134,6.427283457688786,Movie 1249,Comedy,Comedy,0,-15683859,-10.343964034972092
10427504,28206194,1.6746550921126837,129,7.953184940080496,Movie 1250,Science Fiction,Science Fiction,1,17778690,170.4980405665632
142240064,364055652,52.81731132167971,93,4.651416635586735,Movie 1251,Romance,Romance,1,221815588,155.94452207220604
20655820,47597286,92.22982579883436,153,3.451212172576815,Movie 1252,Horror,Horror,1,26941466,130.43038717417173
96855581,114179908,81.39568348985922,178,7.246703870174895,Movie 1253,Thriller,Thriller,1,17324327,17.886761734463192
97231290,146441659,82.69592575470348,88,5.898071133290272,Movie 1254,Action,Action,1,49210369,50.61165906571845
100017426,75700252,79.71074374300699,178,8.379025505753969,Movie 1255,Action,Action,0,-24317174,-24.312937227558727
159428477,155059947,33.04935173543194,90,8.896080292334604,Movie 1256,Adventure,Adventure,0,-4368530,-2.740119006468336
76761695,188645058,76.75418954168481,142,5.394656103448375,Movie 1257,,,1,111883363,145.75415902423728
132992221,304232578,15.172974423308109,155,5.492634097557965,Movie 1258,Thriller,Thriller,1,171240357,128.75967910935182
14691164,29143073,66.1138985803194,146,5.447775613234358,Movie 1259,Adventure,Adventure,1,14451909,98.37143605503282
157979628,432756251,64.51528810181445,132,4.947324658385557,Movie 1260,Adventure,Adventure,1,274776623,173.93168124183708
12707868,24884118,3.531410109883732,118,7.690122586598385,Movie 1261,Comedy,Comedy,1,12176250,95.81662321327228
149463901,249219097,79.00904322550223,157,7.553974574944366,Movie 1262,Comedy,Comedy,1,99755196,66.7419994611274
104357583,140979462,90.42156240441793,135,5.871869223303149,Movie 1263,Comedy,Comedy,1,36621879,35.09268607725421
11055079,31519370,27.474112568738654,107,3.2679672982733923,Movie 1264,,,1,20464291,185.1121190540565
108174930,76456813,81.42668169442894,154,4.857355809078441,Movie 1265,Romance,Romance,0,-31718117,-29.321134758303057
14781009,41789141,9.158191214332872,118,4.753818279329025,Movie 1266,Animation,Animation,1,27008132,182.7218426022202
190170432,488126926,60.396817967845536,104,7.86652347720155,Movie 1267,Animation,Animation,1,297956494,156.6786649567058
110640269,91258839,49.07903966809344,100,3.5254534404970483,Movie 1268,Comedy,Comedy,0,-19381430,-17.517518870096023
115070898,220068592,55.046429797591,89,7.834052274256225,Movie 1269,Adventure,Adventure,1,104997694,91.24608899810619
68812526,183479651,92.69431498655015,122,7.015101913194858,Movie 1270,Science Fiction,Science Fiction,1,114667125,166.63699425886503
119746097,231052837,87.2602094774385,94,7.394648754782695,Movie 1271,Thriller,Thriller,1,111306740,92.95229054521918
105755393,292730880,78.72328206673595,162,5.593279125510141,Movie 1272,Adventure,Adventure,1,186975487,176.79995477866552
148986933,425724133,28.096147310158727,127,7.078354776010549,Movie 1273,Action,Action,1,276737200,185.74595397570872
15013403,23360274,91.27004423992308,165,6.654173668241495,Movie 1274,Drama,Drama,1,8346871,55.59612967160077
188208816,271638801,10.65326155392365,100,7.613881171371776,Movie 1275,Action,Action,1,83429985,44.32841498774425
111651505,317179917,85.47959243931999,139,5.680619006809513,Movie 1276,Thriller,Thriller,1,205528412,184.08028803552625
66954738,146486933,33.48784716300717,175,5.836953749377814,Movie 1277,Adventure,Adventure,1,79532195,118.7850141389546
130880894,103403327,6.323458854536354,129,6.861457336438921,Movie 1278,Science Fiction,Science Fiction,0,-27477567,-20.994330157922057
174866627,105921852,67.26634143983408,102,3.6484649619983296,Movie 1279,Horror,Horror,0,-68944775,-39.42706288947862
94900039,181408316,23.89671290327959,92,5.617466690185903,Movie 1280,Drama,Drama,1,86508277,91.15726180049305
56849014,160622762,25.11354146059856,148,8.831705071558833,Movie 1281,Action,Action,1,103773748,182.5427403191197
38003110,99211745,31.298669456648376,83,3.2253139203602736,Movie 1282,Horror,Horror,1,61208635,161.06217359579256
14942402,32718172,7.304791982749156,171,4.896028337198363,Movie 1283,Animation,Animation,1,17775770,118.96193128788799
96785737,82053943,18.53558727562715,157,4.8846589145362245,Movie 1284,Science Fiction,Science Fiction,0,-14731794,-15.221038199047863
90097673,102312976,1.50882313097047,151,6.800784715414636,Movie 1285,Animation,Animation,1,12215303,13.557845162105354
97337874,261719940,45.09554258947289,88,3.63480215654484,Movie 1286,Action,Action,1,164382066,168.87780598125659
82602413,79052003,9.341282364379158,114,6.771264185273167,Movie 1287,,,0,-3550410,-4.298191627888643
115153633,137735090,68.5826078993757,100,3.5702414439097163,Movie 1288,,,1,22581457,19.609851996593108
145887163,120211259,24.32666226797319,137,3.569721884509986,Movie 1289,Thriller,Thriller,0,-25675904,-17.599837759542968
110033558,241003264,94.41384025948254,97,7.369100143130893,Movie 1290,Comedy,Comedy,1,130969706,119.02705718195534
178946678,511779583,87.25391111246661,176,4.944811042996778,Movie 1291,Drama,Drama,1,332832905,185.9955762911676
134799387,158041507,29.654648601852617,151,8.864537686282487,Movie 1292,Horror,Horror,1,23242120,17.24200719102677
118204767,199590701,78.5383300110112,160,3.2241176186133296,Movie 1293,Action,Action,1,81385934,68.85165130438436
123287281,257158694,80.52124556181582,122,5.670639982307964,Movie 1294,Romance,Romance,1,133871413,108.58493423989131
146702236,439910951,98.66974829732663,174,3.678815626044142,Movie 1295,Horror,Horror,1,293208715,199.86656167940072
142667335,108715385,60.18615869772281,177,5.108273800548652,Movie 1296,,,0,-33951950,-23.797984310844527
117376384,204989286,9.114607729722556,85,8.989334703654304,Movie 1297,Thriller,Thriller,1,87612902,74.64269984667445
149056822,218040363,65.03688566371171,165,8.33305507043119,Movie 1298,Horror,Horror,1,68983541,46.28002937027599
17701250,47165872,62.87299508922749,157,3.289946453132381,Movie 1299,Horror,Horror,1,29464622,166.45503566132336
188152343,317962280,64.19670716462275,146,6.3795350629541,Movie 1300,Comedy,Comedy,1,129809937,68.99193224503189
37992982,29537408,31.40741916231694,91,6.886933828946614,Movie 1301,Action,Action,0,-8455574,-22.255620788070807
24656190,51434300,86.10827892295296,179,4.257207743700754,Movie 1302,Comedy,Comedy,1,26778110,108.60603361671043
85656124,207883262,95.98774611258578,91,3.870633440378701,Movie 1303,Adventure,Adventure,1,122227138,142.6951539390225
140796807,71412581,22.553538784837,145,8.42628680799314,Movie 1304,Drama,Drama,0,-69384226,-49.279687145177945
179707509,475756170,9.7270636555278,81,8.81289864890026,Movie 1305,,,1,296048661,164.73917124965547
115981624,111928936,20.258968283679923,94,8.95135714391785,Movie 1306,Drama,Drama,0,-4052688,-3.4942500891348103
30822180,57951043,82.23466178631617,102,7.738570642407807,Movie 1307,Animation,Animation,1,27128863,88.01734011027123
54517362,83929138,67.9878188471649,108,6.981012416431543,Movie 1308,Animation,Animation,1,29411776,53.94937487987772
120168608,276283797,63.96868689157353,160,5.074381513157988,Movie 1309,Animation,Animation,1,156115189,129.9134537698897
144078663,205730504,40.77752037583303,175,4.028389873948514,Movie 1310,Romance,Romance,1,61651841,42.79040332294033
159662049,427001451,58.20496917963214,86,3.47388359619739,Movie 1311,Thriller,Thriller,1,267339402,167.440793647838
150322829,349687113,31.479538402162373,173,7.159784811308952,Movie 1312,Drama,Drama,1,199364284,132.6240899843629
175794015,372557254,48.24280786237816,107,7.70834049107615,Movie 1313,Action,Action,1,196763239,111.92829232553794
186527415,464565457,79.51323980869493,93,7.95872191472988,Movie 1314,,,1,278038042,149.0601486113985
77106218,183902770,98.14291814809076,123,8.48259001982279,Movie 1315,Action,Action,1,106796552,138.50575838125013
109015503,64302433,93.31640343539038,109,8.279577381830242,Movie 1316,Adventure,Adventure,0,-44713070,-41.01533155334797
96277507,143148852,93.45272834177864,160,8.998447633548555,Movie 1317,Animation,Animation,1,46871345,48.68358816145915
30677043,86724560,40.82014974986413,111,4.464384065803507,Movie 1318,Adventure,Adventure,1,56047517,182.70182364056404
186049252,151501891,47.4101981701723,149,7.579845691273263,Movie 1319,Romance,Romance,0,-34547361,-18.568933026400988
70071029,164158298,70.85790424052917,167,6.518757074248786,Movie 1320,Animation,Animation,1,94087269,134.2741363195908
76094484,223449894,92.29700087707714,85,4.567470794721494,Movie 1321,Science Fiction,Science Fiction,1,147355410,193.64795219585167
135828941,85639681,15.05743167585638,106,8.891431933721657,Movie 1322,,,0,-50189260,-36.950343299812666
186318110,410921741,31.119944518892385,161,8.387388628645514,Movie 1323,Comedy,Comedy,1,224603631,120.54847003332097
50349430,84102950,14.785437614816844,167,3.771094010664698,Movie 1324,Animation,Animation,1,33753520,67.03853449780861
92636655,180450473,61.58884446598608,103,3.156950053940519,Movie 1325,Comedy,Comedy,1,87813818,94.7938135287808
105904657,75547440,31.323798691866216,113,7.129984573996062,Movie 1326,Horror,Horror,0,-30357217,-28.664666748318723
56842822,34533002,33.28467739874477,119,6.62478377313921,Movie 1327,Action,Action,0,-22309820,-39.24826251588987
36393865,78871570,8.020679989309944,126,8.614893744666876,Movie 1328,Animation,Animation,1,42477705,116.71666364646897
99820870,255369093,35.6298101189516,158,4.404031722962219,Movie 1329,Science Fiction,Science Fiction,1,155548223,155.82735654377686
88558294,217414006,86.38715423275696,154,3.5063276873699225,Movie 1330,Thriller,Thriller,1,128855712,145.5038327635354
154021524,286405229,24.07420837719266,165,4.555292002631919,Movie 1331,Action,Action,1,132383705,85.95143169729967
114954962,86177947,69.8235591547965,103,3.1135658430687805,Movie 1332,Horror,Horror,0,-28777015,-25.033295213476737
7202258,15989812,63.333206148920674,144,3.2153565071335946,Movie 1333,Comedy,Comedy,1,8787554,122.01109707538942
89225315,98569187,86.48497622854242,97,8.489146835524558,Movie 1334,Adventure,Adventure,1,9343872,10.472220804151826
77989724,216629853,14.096506817452786,123,5.11209949501127,Movie 1335,Adventure,Adventure,1,138640129,177.7671748139537
71635601,185941907,97.78140607415928,155,5.464854006058084,Movie 1336,Animation,Animation,1,114306306,159.56633908885613
76899393,174827495,58.68023595799619,136,3.1102299272286267,Movie 1337,Horror,Horror,1,97928102,127.34574120760615
154003904,442316905,99.55194108233462,107,4.623130681031079,Movie 1338,Horror,Horror,1,288313001,187.21148848278548
22232430,12862673,91.23995786071924,150,7.828355902448586,Movie 1339,Science Fiction,Science Fiction,0,-9369757,-42.14454740215082
126917075,297049548,22.930209939197475,102,6.692945758000315,Movie 1340,Drama,Drama,1,170132473,134.05010555120342
101355594,134357679,6.560038980427997,164,7.522683606518492,Movie 1341,Horror,Horror,1,33002085,32.56069418329293
41473321,114680563,26.308270285740797,113,5.68328244476271,Movie 1342,Romance,Romance,1,73207242,176.5164694672028
55148094,64340619,53.22880125094257,90,4.85837533050798,Movie 1343,Thriller,Thriller,1,9192525,16.66879910663821
21153729,48910409,17.98804033945381,165,5.8968605599702215,Movie 1344,Horror,Horror,1,27756680,131.21412305130693
120378390,324313533,17.578514707280863,114,4.938426410434508,Movie 1345,Thriller,Thriller,1,203935143,169.41175488391232
148008630,89418236,46.79676116341016,172,8.033826580044408,Movie 1346,,,0,-58590394,-39.58579577420587
78582731,117411947,4.293529145766484,121,4.786042293557074,Movie 1347,Science Fiction,Science Fiction,1,38829216,49.41189432573933
78973011,189991104,13.066920170694775,107,6.958581842718503,Movie 1348,Comedy,Comedy,1,111018093,140.57725746331238
141411684,231532957,42.170272601386806,161,3.821893333857167,Movie 1349,Horror,Horror,1,90121273,63.729721937262276
148796901,173814358,7.249861011588679,157,7.121198962409459,Movie 1350,Thriller,Thriller,1,25017457,16.813157284774366
103368511,108486634,40.278750589097406,161,8.479798269600202,Movie 1351,Romance,Romance,1,5118123,4.951336679310395
191978987,159111352,47.926620328896064,171,6.65149892783945,Movie 1352,Thriller,Thriller,0,-32867635,-17.120433602454625
138484130,365989168,45.675394793238326,103,6.359132280206863,Movie 1353,Science Fiction,Science Fiction,1,227505038,164.28238961388573
48044083,93128098,87.04831088290564,87,8.76670960812984,Movie 1354,Thriller,Thriller,1,45084015,93.83885004111745
160116793,110634677,53.47618305012151,132,6.764379331895079,Movie 1355,Horror,Horror,0,-49482116,-30.90376410424358
59436437,86566246,47.33006578532629,151,4.557302599638495,Movie 1356,,,1,27129809,45.64507963355879
128812971,182828645,41.66021529377496,83,4.754346143086442,Movie 1357,Animation,Animation,1,54015674,41.93341212508793
65910615,62901662,81.94471445214413,170,7.231839855215563,Movie 1358,Science Fiction,Science Fiction,0,-3008953,-4.565202433629242
15072989,23947498,89.61060379598348,179,7.412619563353118,Movie 1359,Science Fiction,Science Fiction,1,8874509,58.876902252101424
84976173,113039419,85.47100445051464,84,4.820977390734091,Movie 1360,Horror,Horror,1,28063246,33.024840975128406
145162518,196623975,67.68111123500769,176,5.072063867557981,Movie 1361,Thriller,Thriller,1,51461457,35.45092611303422
97504946,228899334,14.59881285089875,128,8.946339052434523,Movie 1362,Thriller,Thriller,1,131394388,134.7566389093739
54505232,57675172,28.41012697970921,177,3.611715297481664,Movie 1363,Drama,Drama,1,3169940,5.815845348571308
81218637,170936796,5.560243304515766,109,5.427870170640595,Movie 1364,Science Fiction,Science Fiction,1,89718159,110.46498970427194
179817575,346440866,93.1515834240213,151,3.3746851871850447,Movie 1365,Animation,Animation,1,166623291,92.66240577429653
49730049,95493195,66.41905443940013,142,7.926470171989446,Movie 1366,Science Fiction,Science Fiction,1,45763146,92.02312670152406
37413676,80720693,74.8899255470109,126,3.5540750336725937,Movie 1367,Comedy,Comedy,1,43307017,115.75183630713003
119326552,223254619,31.845602218640664,105,7.0440441387762665,Movie 1368,,,1,103928067,87.09550829894087
34877350,94103895,84.71969870545689,136,3.338900544020892,Movie 1369,Thriller,Thriller,1,59226545,169.81377598928816
132095752,289151026,26.70072508713937,116,7.037130226858147,Movie 1370,Horror,Horror,1,157055274,118.89502245310659
62658869,117009681,1.1627319541325187,177,8.05822168156622,Movie 1371,,,1,54350812,86.74081238204283
87131989,224313272,38.265081289548704,86,5.392929161544345,Movie 1372,Science Fiction,Science Fiction,1,137181283,157.440779872476
97337130,196169982,57.50538661494827,119,6.132758960593061,Movie 1373,Romance,Romance,1,98832852,101.5366407454175
32251097,39599851,48.391780938586734,171,5.409250428031695,Movie 1374,Horror,Horror,1,7348754,22.786059029247905
111338489,113313332,86.3455381150831,118,4.802932551795833,Movie 1375,Thriller,Thriller,1,1974843,1.7737289393248368
110832220,97623176,11.435123309660527,141,7.819580403762769,Movie 1376,Action,Action,0,-13209044,-11.918054154288347
16985249,46686301,55.82852062273883,171,4.6320154423859385,Movie 1377,Horror,Horror,1,29701052,174.86380093691884
96809238,220273794,51.78495563226984,157,7.337660546336682,Movie 1378,Horror,Horror,1,123464556,127.53385787418345
79987338,227439683,28.85790523504414,132,4.237182475531213,Movie 1379,Comedy,Comedy,1,147452345,184.3446083928934
44309893,88984434,82.40058314512405,83,4.499122776469978,Movie 1380,Horror,Horror,1,44674541,100.82294940319537
169787089,285836938,75.53201693233842,161,5.018766975463274,Movie 1381,Adventure,Adventure,1,116049849,68.35022008063288
128395967,83366374,73.55305954585127,104,6.534938264362729,Movie 1382,Romance,Romance,0,-45029593,-35.07087804401208
11971177,26086460,87.74305534868604,86,5.726533914957247,Movie 1383,,,1,14115283,117.91056969586198
61200291,119678509,72.5556754615306,107,7.470868858966922,Movie 1384,Comedy,Comedy,1,58478218,95.5521894495567
104316389,310395734,23.95228787975792,148,4.281403802017154,Movie 1385,Action,Action,1,206079345,197.55222259466822
21080673,23144406,70.85070845331941,146,3.0640337270930047,Movie 1386,Drama,Drama,1,2063733,9.789692198157052
130914532,239160347,31.46257852559454,174,7.65934483071132,Movie 1387,Romance,Romance,1,108245815,82.68433866455712
114474712,243532739,24.975290384399585,99,7.929896003280435,Movie 1388,Horror,Horror,1,129058027,112.73933320749477
75052985,158472721,8.227355697063105,162,3.356880978650337,Movie 1389,Romance,Romance,1,83419736,111.14779245622277
141456523,269224843,74.65882945442,90,6.665445132950379,Movie 1390,Action,Action,1,127768320,90.3233850870207
82266262,200920539,71.38909523303131,146,5.269240703238467,Movie 1391,Drama,Drama,1,118654277,144.23200242160024
190316724,192686742,24.21544828973528,166,7.7633739311671,Movie 1392,Adventure,Adventure,1,2370018,1.2453020156021601
48226729,111599930,75.18852265569144,86,8.24648732517887,Movie 1393,Adventure,Adventure,1,63373201,131.40679932906085
65504149,134240038,91.86624742626176,102,8.106022600783493,Movie 1394,Drama,Drama,1,68735889,104.93364168428477
52048404,142622400,11.694866791666346,140,7.663225484105113,Movie 1395,Romance,Romance,1,90573996,174.01877682935293
59771482,156480908,24.03102720029072,150,4.614313372452978,Movie 1396,Animation,Animation,1,96709426,161.79860823929377
108454264,139674732,75.27581861464424,113,7.8713378614099,Movie 1397,Drama,Drama,1,31220468,28.786759366141656
71860062,85556109,28.17616067720075,98,6.200870855437756,Movie 1398,Romance,Romance,1,13696047,19.0593308978776
192918810,569907882,62.84173345408796,137,3.316539688992545,Movie 1399,Science Fiction,Science Fiction,1,376989072,195.413330613018
150950631,274452844,9.035258221907736,88,5.741633099389494,Movie 1400,Science Fiction,Science Fiction,1,123502213,81.81629462681742
4138145,11446325,45.768045431250336,127,8.65294750217996,Movie 1401,Romance,Romance,1,7308180,176.60521803851725
164281163,149446994,74.17005077730235,161,8.327156098413315,Movie 1402,,,0,-14834169,-9.02974432923877
35780908,75392065,68.964880361282,120,3.613585685982696,Movie 1403,Adventure,Adventure,1,39611157,110.7047283428358
172956216,436653991,81.69213796690488,127,7.464760114286221,Movie 1404,,,1,263697775,152.46504641382765
47361481,135855845,87.86776053371372,124,7.834757195749408,Movie 1405,Animation,Animation,1,88494364,186.84881074559303
170273004,228736299,77.54516662461707,104,4.628329129420589,Movie 1406,,,1,58463295,34.33503469522392
110981072,256638504,67.48718655095367,157,5.829651424446554,Movie 1407,Animation,Animation,1,145657432,131.24529198997104
188992985,349076189,4.140526689787084,104,7.265927648782098,Movie 1408,Action,Action,1,160083204,84.70325181646292
127192596,82875174,53.96170066753496,98,5.634248932926887,Movie 1409,Comedy,Comedy,0,-44317422,-34.842768678139095
35954715,79999217,4.732074766570427,118,3.6767815131994617,Movie 1410,Science Fiction,Science Fiction,1,44044502,122.49993359702616
90813693,202082388,80.99871389448624,158,7.235294668090329,Movie 1411,Horror,Horror,1,111268695,122.52413851290025
82250937,232483672,32.7517279215358,159,8.469832138411821,Movie 1412,Thriller,Thriller,1,150232735,182.65170036907907
178688705,311504644,56.68050803767417,106,6.914908370436946,Movie 1413,Adventure,Adventure,1,132815939,74.32811100175581
178310715,191795873,28.66508542457136,153,7.6428044914142035,Movie 1414,,,1,13485158,7.562730035601057
91740533,56091038,78.46751429364906,142,5.150175213946971,Movie 1415,Comedy,Comedy,0,-35649495,-38.85904499813621
88182130,135721598,88.76375013754836,147,4.099189470759809,Movie 1416,Thriller,Thriller,1,47539468,53.91054627507863
120558836,151276232,40.46560692709333,98,6.856641969709755,Movie 1417,Thriller,Thriller,1,30717396,25.479174334430372
175599459,421916466,86.42931695758791,107,4.966627235047313,Movie 1418,Adventure,Adventure,1,246317007,140.27207623686357
91133874,126281421,27.440425738176906,164,8.160441113938756,Movie 1419,Adventure,Adventure,1,35147547,38.566940542876516
25694812,73812920,53.93143138447686,157,3.73576829986804,Movie 1420,Drama,Drama,1,48118108,187.2677955378697
62399188,181318032,86.01738155403169,112,5.600782198398743,Movie 1421,Adventure,Adventure,1,118918844,190.57755046427846
106565962,218702284,33.26225291896325,89,5.380365602810315,Movie 1422,Thriller,Thriller,1,112136322,105.22714748260799
167188327,471747062,95.45018424273049,162,8.628323121323579,Movie 1423,,,1,304558735,182.16507124926252
186425407,447819155,13.06607067635698,109,3.918808803626424,Movie 1424,Comedy,Comedy,1,261393748,140.21358580163914
175004899,326760240,2.809231902627117,101,3.0590809500720657,Movie 1425,Romance,Romance,1,151755341,86.7149101923141
136488624,129769267,90.50939990524088,82,4.4285112768427055,Movie 1426,Adventure,Adventure,0,-6719357,-4.923016148217598
147170042,242314717,7.796217948639351,161,7.921661158611927,Movie 1427,,,1,95144675,64.64948552505
17770274,33802369,99.19703039880169,154,4.255930896282102,Movie 1428,Horror,Horror,1,16032095,90.21861452445809
51709813,137543135,95.1882893359315,127,4.445268382232896,Movie 1429,Thriller,Thriller,1,85833322,165.9903933514515
166572705,283728858,14.565070093595748,81,3.779392827220865,Movie 1430,Animation,Animation,1,117156153,70.3333436291378
93983350,257907857,54.22087794356402,155,7.292617219659243,Movie 1431,Comedy,Comedy,1,163924507,174.41866777466436
167091374,365240430,19.30710944924729,133,3.4150451430325037,Movie 1432,Comedy,Comedy,1,198149056,118.58724436606762
72240343,60862319,43.38736212998187,85,4.98724981397113,Movie 1433,Adventure,Adventure,0,-11378024,-15.750235294425444
43955157,131313984,7.081087796723435,119,4.694992359725787,Movie 1434,,,1,87358827,198.74534175819235
194583172,353768094,23.168534191862364,172,6.330958378740929,Movie 1435,Action,Action,1,159184922,81.80816478826853
199663479,295431216,36.964006843491056,173,7.382497590118413,Movie 1436,Drama,Drama,1,95767737,47.96457393192072
118855520,255276033,44.42610252435943,81,6.197258608180484,Movie 1437,Comedy,Comedy,1,136420513,114.77844108544559
86518073,66812135,97.77212956268042,152,8.586155957850405,Movie 1438,Comedy,Comedy,0,-19705938,-22.776672337582
134930531,282186509,80.97869892271414,81,8.708655833323991,Movie 1439,,,1,147255978,109.13466130211849
172123438,300456952,74.00358448688267,172,5.1687919709910926,Movie 1440,Comedy,Comedy,1,128333514,74.55899991958097
53673683,81406079,54.16709015945545,176,7.666082257649356,Movie 1441,,,1,27732396,51.66851695271218
159973394,461131315,84.15977829983,153,7.432808299609138,Movie 1442,Action,Action,1,301157921,188.2550050791571
140921122,254552768,34.5929607299154,177,8.357787550228963,Movie 1443,Horror,Horror,1,113631646,80.63492852405759
125681459,131688240,71.1810121645583,134,5.68766184124622,Movie 1444,Animation,Animation,1,6006781,4.779369246501188
146633104,241564651,99.38461356243904,151,6.182839123186754,Movie 1445,Romance,Romance,1,94931547,64.74086983795965
77176890,215977096,32.14826198458468,139,5.494645881489444,Movie 1446,Adventure,Adventure,1,138800206,179.8468505274053
148501420,139626778,67.72773595351276,176,8.102261515798233,Movie 1447,Drama,Drama,0,-8874642,-5.976132753478048
128440874,132922509,84.58717155108586,85,4.378213892172806,Movie 1448,Romance,Romance,1,4481635,3.4892591901858285
94389281,50269269,91.66495075171656,98,4.438254469454668,Movie 1449,Adventure,Adventure,0,-44120012,-46.742608411224154
90817241,48630373,72.07533640307008,175,5.235630621462478,Movie 1450,Romance,Romance,0,-42186868,-46.45248802482339
158785537,408631255,29.07718441829649,106,4.382056992614107,Movie 1451,Horror,Horror,1,249845718,157.34790631466643
190400564,443691675,33.3019330053257,80,6.366041018489525,Movie 1452,Drama,Drama,1,253291111,133.03065163189328
137939592,191405342,3.0550451802724568,112,3.806940638973014,Movie 1453,Thriller,Thriller,1,53465750,38.7602639857018
55278856,124144032,76.32771178947945,119,4.921117316424332,Movie 1454,,,1,68865176,124.57778793396159
168676199,250992683,5.231221000133186,111,8.480668190853539,Movie 1455,,,1,82316484,48.801481470423695
175756880,506573859,86.60058310567183,148,5.455352881150776,Movie 1456,Horror,Horror,1,330816979,188.2241986771727
163322048,476513585,12.74740083297934,96,7.489402298961055,Movie 1457,Science Fiction,Science Fiction,1,313191537,191.76317027325055
75842172,112396918,18.0157747014565,87,3.680773150239444,Movie 1458,Comedy,Comedy,1,36554746,48.198442945436746
4875754,12850316,48.17612061239149,136,4.485387048850708,Movie 1459,Drama,Drama,1,7974562,163.55546239617502
154699943,376342048,74.0501611017055,121,7.844073727202211,Movie 1460,Science Fiction,Science Fiction,1,221642105,143.27226028777528
96268888,122742817,14.76121831470869,177,7.577957617738164,Movie 1461,Romance,Romance,1,26473929,27.49998421089065
58696034,63397561,44.56703643158335,88,5.316935511562927,Movie 1462,Science Fiction,Science Fiction,1,4701527,8.009956856710284
29356738,48309055,48.80227616660037,166,8.726381412200846,Movie 1463,,,1,18952317,64.55866111555038
66564145,163306616,22.01627852519054,114,8.463858095007271,Movie 1464,Animation,Animation,1,96742471,145.33720969449843
11047595,32042659,12.440279291382542,150,8.773804494673438,Movie 1465,Drama,Drama,1,20995064,190.04194125508764
31908587,76866116,83.80567137557831,158,5.567488141126712,Movie 1466,Romance,Romance,1,44957529,140.8947660389976
130705394,344803111,50.74409932651379,132,4.184841502114098,Movie 1467,Animation,Animation,1,214097717,163.80174562650413
96112669,192961634,2.4237423624311445,133,6.759951834548046,Movie 1468,Drama,Drama,1,96848965,100.76607590618465
23564965,60998373,80.49514882960128,163,7.108638949675191,Movie 1469,,,1,37433408,158.8519567077651
120102305,295578035,98.0985867360439,104,3.75265070670312,Movie 1470,Romance,Romance,1,175475730,146.1052142171626
175348811,252934321,60.98669334601048,146,7.718898205775435,Movie 1471,Thriller,Thriller,1,77585510,44.24638499544773
10004644,18808488,50.867130321323,141,3.108361318559763,Movie 1472,Drama,Drama,1,8803844,87.99757392666847
125906539,316262470,87.96317044145121,134,5.8963703248607,Movie 1473,Animation,Animation,1,190355931,151.1882802210932
182735418,112408200,95.29916217877526,125,4.986097556969369,Movie 1474,Science Fiction,Science Fiction,0,-70327218,-38.48581669044586
106650992,268781638,75.69915467434359,103,7.441818359394505,Movie 1475,Science Fiction,Science Fiction,1,162130646,152.0198199375398
51760636,48899324,45.0998400436945,177,4.876564364530895,Movie 1476,Adventure,Adventure,0,-2861312,-5.527969169466928
172856912,308845007,59.62991853381261,125,7.960842676686196,Movie 1477,Adventure,Adventure,1,135988095,78.67090382824841
55706505,140418752,70.39260113678192,101,6.569720932684863,Movie 1478,Animation,Animation,1,84712247,152.06885982166716
14143608,16046668,20.23308352917834,90,7.763360170572432,Movie 1479,,,1,1903060,13.455265445705225
37532022,41830136,45.27290218942736,127,8.936043827037743,Movie 1480,Adventure,Adventure,1,4298114,11.451858362440479
92485680,139367688,83.15230520701121,87,7.074950074461341,Movie 1481,Action,Action,1,46882008,50.69109942209432
104960587,287235876,65.81780950134586,118,8.909701898169864,Movie 1482,Thriller,Thriller,1,182275289,173.66069894407127
180963197,90681916,41.70920265397356,114,3.173017961530232,Movie 1483,Action,Action,0,-90281281,-49.88930484025434
89780367,247206446,66.67289086745346,128,5.02883993090285,Movie 1484,Action,Action,1,157426079,175.34577353643473
37045138,32767075,12.704018795173528,125,3.647119587373855,Movie 1485,Action,Action,0,-4278063,-11.548244198739386
193091911,574490131,40.74826344592275,117,4.573829588306637,Movie 1486,Comedy,Comedy,1,381398220,197.52159374506374
60912158,175860556,79.51972525834258,87,8.033327394754647,Movie 1487,Romance,Romance,1,114948398,188.71174782545054
39808656,69135214,22.830369926528157,133,3.193939591956542,Movie 1488,Science Fiction,Science Fiction,1,29326558,73.66879705760476
146098454,260318315,19.410189248184352,116,6.121097614394362,Movie 1489,Horror,Horror,1,114219861,78.1800613714913
158210084,269569945,95.13104733172672,170,6.402772245194238,Movie 1490,Romance,Romance,1,111359861,70.38733447610078
21515189,44936819,21.77986532903684,171,6.3669068800317365,Movie 1491,Drama,Drama,1,23421630,108.86090751979916
53534223,38908901,26.83093938536664,119,5.851782442939534,Movie 1492,Adventure,Adventure,0,-14625322,-27.319574620518917
158606597,92236852,96.99197795152946,113,7.743617788618532,Movie 1493,Romance,Romance,0,-66369745,-41.84551352551874
186013447,119840525,73.73614845623754,175,3.801258537033307,Movie 1494,Drama,Drama,0,-66172922,-35.57426791838334
122821649,197855036,70.2600567693293,158,4.863462093304724,Movie 1495,Animation,Animation,1,75033387,61.09133659327437
94050123,111813355,85.43971200160355,96,6.694356320671036,Movie 1496,Science Fiction,Science Fiction,1,17763232,18.88698433706461
145780942,299594254,12.466485141442632,112,7.145708197607736,Movie 1497,Horror,Horror,1,153813312,105.50989031199978
25374842,75645086,70.88966742142071,126,5.424890590662338,Movie 1498,,,1,50270244,198.11056951605846
29172140,42760754,50.86517232349565,131,8.2522275799634,Movie 1499,Action,Action,1,13588614,46.58079249585392
193919065,375156431,83.08591338812985,159,5.492960380175486,Movie 1500,Adventure,Adventure,1,181237366,93.46031345602867
170336878,262150114,51.30603014785424,172,5.416656806089999,Movie 1501,Romance,Romance,1,91813236,53.90097381026321
190689119,499258279,62.4038940726223,88,3.2172435689243097,Movie 1502,Adventure,Adventure,1,308569160,161.8179168366707
78632265,216678362,48.296470513554056,112,6.306848017168403,Movie 1503,Adventure,Adventure,1,138046097,175.55910032605573
111654479,300728948,48.33773343202856,139,7.252085031071431,Movie 1504,Animation,Animation,1,189074469,169.33890220382472
24387092,71598809,77.02902782812133,172,3.6866289811010886,Movie 1505,Horror,Horror,1,47211717,193.59305734361442
154373781,87807492,63.22807366408104,156,4.832596596527225,Movie 1506,Science Fiction,Science Fiction,0,-66566289,-43.12020381233002
174895929,454649034,63.69305695933163,100,7.687541722697113,Movie 1507,Animation,Animation,1,279753105,159.95404043967199
2524102,6005925,45.57796589932106,137,5.195516612481453,Movie 1508,,,1,3481823,137.94303875199972
146796877,157327501,53.57984013741523,164,4.449614772240239,Movie 1509,Science Fiction,Science Fiction,1,10530624,7.173602201360183
43607220,126059761,74.82604895427394,148,7.033203981390673,Movie 1510,Science Fiction,Science Fiction,1,82452541,189.0800216111002
187932742,163585081,82.76815099207991,89,4.180552666029934,Movie 1511,Adventure,Adventure,0,-24347661,-12.955518416264047
22900146,50354554,69.95957881226057,85,8.373917517499061,Movie 1512,Thriller,Thriller,1,27454408,119.8874801933577
145131569,154162459,92.48322589572264,92,3.633590376156846,Movie 1513,Adventure,Adventure,1,9030890,6.222553826314659
30061846,47451169,82.2120847265729,144,7.239298813696962,Movie 1514,Animation,Animation,1,17389323,57.8451602739233
195741724,449794857,56.62451519114233,99,5.997292207718251,Movie 1515,Science Fiction,Science Fiction,1,254053133,129.78997416003142
158686353,302823008,67.46920119172995,136,8.219577374381961,Movie 1516,Horror,Horror,1,144136655,90.83115987926196
138651110,217509563,92.7045194151984,125,3.75717054615742,Movie 1517,Romance,Romance,1,78858453,56.87545739806915
76779042,101029401,62.29763638006278,87,7.067369510976527,Movie 1518,Romance,Romance,1,24250359,31.584607424510452
29348817,76281952,82.65588785000324,89,6.432327835088289,Movie 1519,,,1,46933135,159.9149124136758
97355770,83680777,69.19223985540872,152,5.880540853440278,Movie 1520,Horror,Horror,0,-13674993,-14.046412451978963
71503913,112637053,55.64169974498618,146,5.9484435805960105,Movie 1521,Comedy,Comedy,1,41133140,57.52571890715967
84952230,234416667,24.94198134611996,90,7.331861770791185,Movie 1522,Animation,Animation,1,149464437,175.93939205598252
159946576,418200136,43.173754427374384,91,8.626449929608933,Movie 1523,,,1,258253560,161.4623872911165
109092941,163896260,96.80653965853784,89,3.5475099547142888,Movie 1524,Thriller,Thriller,1,54803319,50.235440073065774
146040542,351632168,66.11877294398741,104,3.1170158856631214,Movie 1525,Thriller,Thriller,1,205591626,140.77709051504343
183574050,469564443,56.87514265355997,128,7.834228754887221,Movie 1526,,,1,285990393,155.79020727602838
188096876,512040806,93.36270592729451,128,3.649016325304556,Movie 1527,Action,Action,1,323943930,172.22185550811594
63076001,117401116,59.064666322707424,168,8.920180776482542,Movie 1528,Animation,Animation,1,54325115,86.1264413386004
43942594,44432651,53.082169323322894,90,6.716089493753024,Movie 1529,Thriller,Thriller,1,490057,1.1152209175452865
38747492,44105211,76.17177465987032,141,6.905198371524844,Movie 1530,Animation,Animation,1,5357719,13.827266549277564
130987754,162324830,71.5538962796679,115,4.193350217628105,Movie 1531,Comedy,Comedy,1,31337076,23.923668467511856
118574567,235311963,20.12284083243484,118,4.441873861780047,Movie 1532,Comedy,Comedy,1,116737396,98.45061968474235
16170521,9411632,47.659519182838,132,6.956101818595501,Movie 1533,Thriller,Thriller,0,-6758889,-41.797595760829225
161059574,336631609,47.77902883913894,169,8.458361027605182,Movie 1534,Horror,Horror,1,175572035,109.01061677960232
127639062,180084114,38.44422700909113,157,8.8943433271054,Movie 1535,Animation,Animation,1,52445052,41.08855955083719
13267883,16427025,52.21205473307306,135,4.188185679786562,Movie 1536,Science Fiction,Science Fiction,1,3159142,23.810445117732797
43639398,117771451,41.89763237498728,80,3.804717736258741,Movie 1537,Animation,Animation,1,74132053,169.8741421685056
12984398,21424334,20.73520345764713,135,3.338408146564743,Movie 1538,Horror,Horror,1,8439936,65.00059532987204
170613808,125850309,41.82428224019343,83,8.209782108967968,Movie 1539,Science Fiction,Science Fiction,0,-44763499,-26.23673870522836
165933123,425928244,8.155417809744483,109,4.768289081138812,Movie 1540,Romance,Romance,1,259995121,156.6866917824478
175904668,108903132,58.00280041466674,91,3.01087220321551,Movie 1541,Animation,Animation,0,-67001536,-38.08968617023853
158432789,367068660,85.51180034517009,114,4.342908516338573,Movie 1542,Drama,Drama,1,208635871,131.68730558672422
27854296,67818680,72.80342135110097,156,5.042646480596511,Movie 1543,,,1,39964384,143.47655385007755
4828433,6670511,36.67900996535701,131,8.945917016980111,Movie 1544,Thriller,Thriller,1,1842078,38.15063810557173
87621344,224483223,9.62004935215351,110,6.14124956314249,Movie 1545,Horror,Horror,1,136861879,156.19696383566085
48149071,86145838,21.01279052330181,166,4.228283685570608,Movie 1546,,,1,37996767,78.91484967591586
8152747,13519163,55.00354370898874,147,5.008910068280707,Movie 1547,Drama,Drama,1,5366416,65.82340896878071
196246973,120399127,21.49865125492025,131,4.981846125341271,Movie 1548,Animation,Animation,0,-75847846,-38.64918008187571
183562241,224877142,54.85333801721178,159,3.118354478779053,Movie 1549,Drama,Drama,1,41314901,22.507298219354382
105800566,299153737,23.928303451625997,86,3.811098325028581,Movie 1550,,,1,193353171,182.75249208024084
105981218,156805561,85.04346307813121,101,7.171178758219267,Movie 1551,Action,Action,1,50824343,47.95599065487245
92351453,172397195,40.32987581120551,172,3.721505919424408,Movie 1552,Romance,Romance,1,80045742,86.6751300599461
2020154,3696991,25.309511968504616,154,4.3844056596367125,Movie 1553,Horror,Horror,1,1676837,83.00540453846588
125284044,247571008,81.4202918444591,135,5.1044237904258525,Movie 1554,Drama,Drama,1,122286964,97.60777198411635
39499601,25806171,34.94105751573962,176,7.546409667013762,Movie 1555,Romance,Romance,0,-13693430,-34.66726157562959
7733215,10868574,12.037281096039411,137,6.494405789207638,Movie 1556,Adventure,Adventure,1,3135359,40.54405573878393
33339834,76942358,57.47053964896052,172,7.1339999099314095,Movie 1557,Horror,Horror,1,43602524,130.7820668813168
41739629,41798090,58.57485623936088,143,6.402073952521033,Movie 1558,Drama,Drama,1,58461,0.1400611394988681
165118515,166595655,71.75487184833769,91,7.101554551331214,Movie 1559,Horror,Horror,1,1477140,0.8945938013068977
74823165,39299110,24.78172388763017,86,3.0170529219838347,Movie 1560,Science Fiction,Science Fiction,0,-35524055,-47.47734875957199
112855600,179858513,44.93336257013226,134,8.585388866228577,Movie 1561,Action,Action,1,67002913,59.37048139392286
116667420,315799566,28.954423985222967,141,3.665521385248839,Movie 1562,Adventure,Adventure,1,199132146,170.6835944430759
162476925,102320226,9.014419875453124,169,5.437494575861429,Movie 1563,Adventure,Adventure,0,-60156699,-37.02476459349535
183001908,178938675,87.78476887457327,152,7.626230221469129,Movie 1564,Horror,Horror,0,-4063233,-2.2203227520447495
182596907,232849647,73.15811064434577,177,5.611384308056543,Movie 1565,Drama,Drama,1,50252740,27.521134298293454
11760888,27394775,30.84484288642127,156,8.681055310005096,Movie 1566,Horror,Horror,1,15633887,132.93117832599035
79414095,166895787,60.33792629432664,134,5.8055336909926005,Movie 1567,Comedy,Comedy,1,87481692,110.15889811500088
94144811,144969806,20.92511502531277,115,8.249636433616029,Movie 1568,Romance,Romance,1,50824995,53.98597592383504
101018552,242209388,89.13342555778132,168,7.864968680173625,Movie 1569,Animation,Animation,1,141190836,139.7672340423173
79483721,160881213,12.37572799282912,103,8.885917816792098,Movie 1570,Adventure,Adventure,1,81397492,102.40775214839275
126410205,346376855,1.379877405272289,123,8.559286684505853,Movie 1571,Drama,Drama,1,219966650,174.01019957209942
184681944,470027897,50.69881157617903,96,8.388743008277272,Movie 1572,,,1,285345953,154.50668691250078
103522878,117191419,58.72965452183406,81,7.3896260431168095,Movie 1573,Adventure,Adventure,1,13668541,13.203401281019255
97719187,115171486,58.31756670928464,92,5.201988883609324,Movie 1574,Adventure,Adventure,1,17452299,17.859644084022108
193293440,157223181,6.396680816344803,110,3.636752511389415,Movie 1575,Science Fiction,Science Fiction,0,-36070259,-18.66088109353323
15372528,20636263,32.09033688492482,172,7.13187031358634,Movie 1576,Adventure,Adventure,1,5263735,34.24118011038913
129036268,386961676,50.42069573729185,107,8.87192448802779,Movie 1577,Romance,Romance,1,257925408,199.88597934341993
181913293,275485474,22.441339377096845,139,7.359626623991214,Movie 1578,Science Fiction,Science Fiction,1,93572181,51.437791849548894
160940253,169183787,87.38996266310374,106,8.572376215664013,Movie 1579,Animation,Animation,1,8243534,5.122108264611713
174180913,419115368,9.62381965668197,94,7.8258282777331,Movie 1580,Action,Action,1,244934455,140.62072059525835
199891843,371034743,49.25105972553224,174,3.9786880507000726,Movie 1581,Comedy,Comedy,1,171142900,85.61775079536386
121488081,106181023,69.45018969380206,158,4.495222623547724,Movie 1582,Romance,Romance,0,-15307058,-12.599637654989381
199031293,288938545,26.91335891331376,112,5.051193610574102,Movie 1583,Drama,Drama,1,89907252,45.172420198265
115282788,177094454,62.79983296275429,99,4.009562666028025,Movie 1584,Animation,Animation,1,61811666,53.61742812812612
181788888,433489101,83.10912986409508,121,6.48990799603804,Movie 1585,Science Fiction,Science Fiction,1,251700213,138.45742485646318
118105071,65156019,19.843360534409708,91,8.852703144809707,Movie 1586,Action,Action,0,-52949052,-44.83215796889873
77767936,91186724,91.80483859066142,152,7.568753000616952,Movie 1587,Drama,Drama,1,13418788,17.2549108156863
152780276,274086402,55.80229473357344,102,5.540320494404771,Movie 1588,Animation,Animation,1,121306126,79.399075048143
194705934,228218107,30.623968425805,151,3.027026885881732,Movie 1589,Horror,Horror,1,33512173,17.211685494906384
41057648,85033883,43.6549692628448,175,4.879656066829073,Movie 1590,Science Fiction,Science Fiction,1,43976235,107.10850996627961
72425912,123462185,31.906996494852407,93,6.160555726153292,Movie 1591,Comedy,Comedy,1,51036273,70.46686964742675
133086923,186890723,72.7860048333983,170,4.945505243111824,Movie 1592,Romance,Romance,1,53803800,40.427563270059224
82242298,236283895,79.83376567809809,104,3.666209538143157,Movie 1593,Comedy,Comedy,1,154041597,187.30215563772305
54520377,113424124,83.46080183954744,156,5.656589741171367,Movie 1594,Action,Action,1,58903747,108.03987470592875
157100668,129585024,98.59105670898838,164,4.519516901794297,Movie 1595,Animation,Animation,0,-27515644,-17.5146575442951
39580196,75211445,79.33714495717167,110,8.455394258769008,Movie 1596,,,1,35631249,90.02292206941067
116581866,285838873,60.53702299816777,133,3.6105271710060944,Movie 1597,Thriller,Thriller,1,169257007,145.18296267448662
112902075,256425929,34.5828095407866,84,3.2949157723482623,Movie 1598,Horror,Horror,1,143523854,127.12242356927452
183883013,171052221,54.91494942236419,92,3.0318850149291725,Movie 1599,Comedy,Comedy,0,-12830792,-6.977692931320415
193545574,567291754,5.065749106250137,107,4.968418106913947,Movie 1600,Romance,Romance,1,373746180,193.1049996524333
18687991,30312558,74.73768247746139,122,6.962321029205332,Movie 1601,Drama,Drama,1,11624567,62.20340645497956
40509310,36359637,45.14959896411808,168,7.3824825172907556,Movie 1602,Adventure,Adventure,0,-4149673,-10.243751374683992
32061293,30473918,2.9822997434865743,178,5.719570100290339,Movie 1603,Thriller,Thriller,0,-1587375,-4.951063576880696
165490583,123387706,7.18818720953067,126,7.1059719027316,Movie 1604,,,0,-42102877,-25.44125244878737
129425994,324703321,39.35917991835391,150,5.159484217292181,Movie 1605,Action,Action,1,195277327,150.8795265655831
124368509,100126131,58.75873038282507,117,7.006837319919701,Movie 1606,Adventure,Adventure,0,-24242378,-19.492376482538678
181534424,147553565,46.95619094626054,175,3.2435759118142404,Movie 1607,Comedy,Comedy,0,-33980859,-18.71868610440519
11679043,30671257,62.30122741192333,146,5.344517907402025,Movie 1608,Action,Action,1,18992214,162.6178960039791
190716026,259661816,48.54913162034422,141,7.745098065799075,Movie 1609,Horror,Horror,1,68945790,36.15102068034911
115161223,66464696,66.50868070265332,118,7.818036182754008,Movie 1610,Romance,Romance,0,-48696527,-42.285524355711296
23470291,14780139,22.69348040240929,116,7.296892673254168,Movie 1611,Romance,Romance,0,-8690152,-37.02617918116141
109773212,93902872,12.17147553117852,165,4.225431723419186,Movie 1612,Drama,Drama,0,-15870340,-14.457388747994365
106856574,110434492,60.04696150794034,87,4.483230713583799,Movie 1613,Thriller,Thriller,1,3577918,3.3483368089267023
185980789,402251429,48.98426217669444,160,8.976532363587074,Movie 1614,Animation,Animation,1,216270640,116.28654828429619
195290548,174456112,3.6598977504485934,131,3.6202680432117593,Movie 1615,Science Fiction,Science Fiction,0,-20834436,-10.668430302115798
78921522,62915130,38.66770666381055,170,4.083976193414456,Movie 1616,Adventure,Adventure,0,-16006392,-20.28140308799417
55496748,133846937,11.506432963608551,112,3.780157533900796,Movie 1617,Romance,Romance,1,78350189,141.17978408392506
186412937,405939934,53.60432634351682,160,4.965929782101694,Movie 1618,Action,Action,1,219526997,117.76382075885645
40043896,63602142,40.18199028638264,121,4.26105501140354,Movie 1619,Thriller,Thriller,1,23558246,58.83105380155818
142674713,267268891,61.70203919919877,155,5.986127757286633,Movie 1620,Adventure,Adventure,1,124594178,87.32744253005787
158762472,203209621,80.75461965825359,106,5.856124241280719,Movie 1621,Animation,Animation,1,44447149,27.99600462255337
85912633,146588520,30.66719970030759,87,8.40903371670782,Movie 1622,Horror,Horror,1,60675887,70.62510469211205
128064322,226248884,96.24810831233772,102,3.208439684668689,Movie 1623,Comedy,Comedy,1,98184562,76.66816211309813
59865527,87888171,54.02781555816987,143,4.91927746000658,Movie 1624,Animation,Animation,1,28022644,46.80931648693246
162599237,449819492,62.21078907672401,172,6.5799473519825415,Movie 1625,Drama,Drama,1,287220255,176.64305214421148
21521013,11624675,68.38656494934797,99,6.628810571063783,Movie 1626,Science Fiction,Science Fiction,0,-9896338,-45.98453613684449
136732270,335736265,67.00642145590139,95,5.880757374085255,Movie 1627,Science Fiction,Science Fiction,1,199003995,145.54281516718768
124798230,101206007,51.58610356146114,96,7.893993244887802,Movie 1628,Horror,Horror,0,-23592223,-18.904292953513842
38735088,96600211,43.44766482035367,159,3.3763330284867528,Movie 1629,Comedy,Comedy,1,57865123,149.3868375876673
79427656,162014927,6.324414453560412,98,7.892926593480816,Movie 1630,Thriller,Thriller,1,82587271,103.97797840087337
150353491,392151257,3.186498684816794,87,5.968525442614221,Movie 1631,Thriller,Thriller,1,241797766,160.81952230826485
108509488,80707817,36.4381582587437,117,3.802564170462013,Movie 1632,Adventure,Adventure,0,-27801671,-25.62141939145451
44951994,85294232,34.03242817273557,117,8.314211481242866,Movie 1633,Comedy,Comedy,1,40342238,89.74515791223855
92233769,161659943,39.38182032906167,132,6.895372677245781,Movie 1634,Animation,Animation,1,69426174,75.27196899001277
66489314,150630407,14.698451887930812,172,3.981274120944836,Movie 1635,,,1,84141093,126.54829466280853
36383985,66791041,74.07865878314752,179,3.20189834039416,Movie 1636,Romance,Romance,1,30407056,83.57263779654703
37595773,69621221,85.83947706284766,169,3.846657889995896,Movie 1637,Comedy,Comedy,1,32025448,85.18364019274188
125106967,196917097,93.93274890202946,110,6.652787761082362,Movie 1638,Action,Action,1,71810130,57.39898562164007
97362498,123853476,49.74386804844296,123,4.07577741156029,Movie 1639,Action,Action,1,26490978,27.20860551462022
15315679,26123354,70.38570421341743,139,4.354578449250169,Movie 1640,Thriller,Thriller,1,10807675,70.5660845986652
112156962,89302838,85.69956122015138,155,3.150838354537885,Movie 1641,,,0,-22854124,-20.376910708405244
159658533,463613789,42.41081999825511,96,7.337584033431622,Movie 1642,Romance,Romance,1,303955256,190.3783344921502
156982967,358867286,31.631866692173997,158,7.862186398556623,Movie 1643,Thriller,Thriller,1,201884319,128.60269037977858
159803950,460421993,93.73573102949553,152,7.781089060632739,Movie 1644,Romance,Romance,1,300618043,188.11677871541974
150744728,160817257,52.05197855663024,118,3.765408908185705,Movie 1645,Romance,Romance,1,10072529,6.681844953144895
131738504,355476928,50.22813477249692,121,8.419806764332556,Movie 1646,Horror,Horror,1,223738424,169.8352548469808
86561923,218307002,18.66319355978608,127,7.03367297684448,Movie 1647,Adventure,Adventure,1,131745079,152.19749565868585
76532173,167825950,11.70734644276232,91,8.385171734261187,Movie 1648,Comedy,Comedy,1,91293777,119.28810253434199
125497505,258847761,84.36857938586765,175,5.682963027183981,Movie 1649,Thriller,Thriller,1,133350256,106.25729650959994
86607690,111842933,61.79918444256429,168,5.6217291665021865,Movie 1650,Drama,Drama,1,25235243,29.13741608857135
11569320,29397954,33.25663381792542,97,7.707219112109372,Movie 1651,Science Fiction,Science Fiction,1,17828634,154.10269575048488
70448631,123552009,19.981885521636386,158,3.5597871328604613,Movie 1652,Action,Action,1,53103378,75.37886435294959
68001666,46052696,55.99423073679351,175,6.125244219809314,Movie 1653,Thriller,Thriller,0,-21948970,-32.27710626971992
99609786,127715474,58.8080096368524,85,8.018305413787354,Movie 1654,Animation,Animation,1,28105688,28.215789962644834
20391451,57875887,21.49236652326076,122,7.981155378417428,Movie 1655,Drama,Drama,1,37484436,183.82427027875553
169263196,444603747,85.28916904125592,114,8.736797138054214,Movie 1656,Animation,Animation,1,275340551,162.67006502701273
60047560,177426383,9.342172249429256,177,7.189635561183279,Movie 1657,Animation,Animation,1,117378823,195.47642402122585
191596290,396601150,36.25321543147575,133,4.24662377663837,Movie 1658,Thriller,Thriller,1,205004860,106.99834532286611
78960088,88338586,68.35805696248968,141,3.121681889367485,Movie 1659,Romance,Romance,1,9378498,11.877517157782297
171482401,155540989,28.137916018100867,148,5.876494791762612,Movie 1660,Animation,Animation,0,-15941412,-9.296237927062847
153137897,148128159,82.9398442833459,161,6.0822231937353335,Movie 1661,,,0,-5009738,-3.271390098820542
72087566,39611335,74.24691483343994,95,4.441575506993589,Movie 1662,Animation,Animation,0,-32476231,-45.051085508976676
130888295,193283435,79.11326161026528,87,3.748184682741619,Movie 1663,Animation,Animation,1,62395140,47.67052699402953
106169850,103894545,12.791547051794913,168,6.517248997143054,Movie 1664,Romance,Romance,0,-2275305,-2.1430801682398535
135823137,207692408,14.914165671558749,175,7.585534044144848,Movie 1665,Animation,Animation,1,71869271,52.913864741616145
144680471,410528822,29.36090003671378,169,8.958924621540962,Movie 1666,Science Fiction,Science Fiction,1,265848351,183.74860764726154
12377787,19511731,52.28963935455855,165,7.549815703263111,Movie 1667,Romance,Romance,1,7133944,57.63505221086774
22827621,61519553,75.05359159324084,110,7.761794485533485,Movie 1668,Comedy,Comedy,1,38691932,169.4961205112
42892167,86374612,83.81655818532944,89,6.698765269372785,Movie 1669,Romance,Romance,1,43482445,101.37619066903287
36280122,40554968,70.72919627976087,135,8.915535953820108,Movie 1670,Science Fiction,Science Fiction,1,4274846,11.782887609914873
155275716,215776864,92.9310912715332,155,6.839738310687423,Movie 1671,Thriller,Thriller,1,60501148,38.96368959586701
141026769,100100636,74.1356074519771,171,8.161519718398226,Movie 1672,Science Fiction,Science Fiction,0,-40926133,-29.020116741098988
80655365,107566550,31.320520813456856,149,8.674707877445734,Movie 1673,Romance,Romance,1,26911185,33.36564777804924
106750564,234194977,27.243047149518688,99,8.579151003003366,Movie 1674,Romance,Romance,1,127444413,119.38523622226482
141373307,96173112,69.9230525798079,84,5.288492062700139,Movie 1675,Action,Action,0,-45200195,-31.972227260694975
84665691,85808975,20.09418630027181,102,3.471972349885552,Movie 1676,,,1,1143284,1.3503509940053522
59544068,86553412,10.17876627021672,88,4.031242215235481,Movie 1677,,,1,27009344,45.360259900280916
167244944,494229521,53.6900646107632,137,3.355339832379645,Movie 1678,,,1,326984577,195.51238391995872
34957164,86069940,82.34251540811657,138,3.63238160897484,Movie 1679,Science Fiction,Science Fiction,1,51112776,146.21545386233277
186055455,434200753,11.03660440451649,172,4.107907475362186,Movie 1680,Animation,Animation,1,248145298,133.37168641467673
70058877,55379958,79.3972410557772,159,5.046565899524411,Movie 1681,Adventure,Adventure,0,-14678919,-20.952261338702304
129452956,317482045,81.34562843080326,133,6.261237879450455,Movie 1682,Action,Action,1,188029089,145.2489729164624
136350386,335854456,48.74512600807281,125,7.270092356130516,Movie 1683,Horror,Horror,1,199504070,146.31720221166077
53316857,106780694,6.673720691038194,101,4.265564016639072,Movie 1684,Action,Action,1,53463837,100.27567266390065
38877058,115694410,18.284395273471453,143,7.035134425428836,Movie 1685,Science Fiction,Science Fiction,1,76817352,197.590445244082
152651895,200452510,71.0352012410313,87,7.225554447014518,Movie 1686,Horror,Horror,1,47800615,31.313476324679755
160394855,457635572,71.466016554104,99,6.351734021197137,Movie 1687,Thriller,Thriller,1,297240717,185.3181119805869
189028967,526791177,89.93717224159887,130,8.421707218792264,Movie 1688,Drama,Drama,1,337762210,178.68277828551007
14881178,7867703,58.6859285089037,157,3.665968883530864,Movie 1689,Animation,Animation,0,-7013475,-47.12983743625673
74135852,120492356,13.286629403663962,118,4.062728745614517,Movie 1690,Romance,Romance,1,46356504,62.52913097970466
16590661,48822343,13.02007564499224,116,5.5719889463369086,Movie 1691,Romance,Romance,1,32231682,194.27605687320113
92312343,69954607,72.39210337832554,129,3.7602764114054334,Movie 1692,Science Fiction,Science Fiction,0,-22357736,-24.219660419625573
144674535,270463507,19.19468184568221,113,6.397776862344525,Movie 1693,Thriller,Thriller,1,125788972,86.94617335386631
164559776,485022458,33.51016446204393,154,5.390402799656546,Movie 1694,Animation,Animation,1,320462682,194.73937665058563
139902074,264238441,49.23398868526948,112,4.707574767215511,Movie 1695,Animation,Animation,1,124336367,88.87385543691082
153042287,149145563,3.451722880038969,110,4.019938878105823,Movie 1696,Horror,Horror,0,-3896724,-2.546174705295668
90605800,177175843,25.633083674973253,133,5.012029430089262,Movie 1697,Adventure,Adventure,1,86570043,95.54580722205421
93379916,94416567,41.38107124222073,123,6.647756104994052,Movie 1698,Horror,Horror,1,1036651,1.110143427415377
106283946,191232522,28.683995530827417,113,6.45471126533647,Movie 1699,,,1,84948576,79.92606522155285
43827096,30026186,14.500662419289018,150,3.981744001261403,Movie 1700,Thriller,Thriller,0,-13800910,-31.48944661996314
187118499,376801770,73.07321352182355,141,3.7495188644438,Movie 1701,Romance,Romance,1,189683271,101.37066725829176
50352346,90230137,81.5016178616305,102,3.160060575653235,Movie 1702,Romance,Romance,1,39877791,79.19748366838758
12667877,29774621,26.49041863822876,125,3.074553562763594,Movie 1703,Science Fiction,Science Fiction,1,17106744,135.04033864553625
8393979,17432205,77.66752996602403,135,8.278862614318111,Movie 1704,Horror,Horror,1,9038226,107.67510855102212
145332806,272355956,39.16980287573007,86,3.2705331360323395,Movie 1705,Romance,Romance,1,127023150,87.4015671313743
29506244,65635079,51.16189329454628,168,7.387326659239478,Movie 1706,Action,Action,1,36128835,122.44471034673204
26214698,22540833,85.74410641442213,140,8.231910577469742,Movie 1707,Action,Action,0,-3673865,-14.014523455505762
103285868,205373532,75.24541449843838,82,3.5883470913747457,Movie 1708,Drama,Drama,1,102087664,98.83991486618478
121130296,112684668,80.7065682803016,117,5.617808542998105,Movie 1709,,,0,-8445628,-6.972349840538654
126616114,356273120,14.547671492049323,163,8.77381789904566,Movie 1710,Thriller,Thriller,1,229657006,181.38055160972638
18486878,12401649,7.902223157539218,113,8.00483196314151,Movie 1711,Adventure,Adventure,0,-6085229,-32.916477298113826
58195030,91711693,89.44706817971073,123,5.93822419114713,Movie 1712,Comedy,Comedy,1,33516663,57.59368626496112
23098345,51728597,39.39559268753834,109,7.575426676749317,Movie 1713,Adventure,Adventure,1,28630252,123.94936520343774
17620937,28987419,29.500088128898405,96,8.000265746589983,Movie 1714,Comedy,Comedy,1,11366482,64.50554814423319
32984287,24086384,72.74492917192063,138,5.088161779132316,Movie 1715,,,0,-8897903,-26.976187176639595
98147242,184855181,83.80514406140581,89,8.352917501219766,Movie 1716,Adventure,Adventure,1,86707939,88.34475348782598
177631220,373750256,86.38647256793179,178,5.82283991806294,Movie 1717,Adventure,Adventure,1,196119036,110.40797670589664
145746022,329310335,32.28371697139751,163,6.16684418135298,Movie 1718,Romance,Romance,1,183564313,125.94807767720755
154587614,221547167,85.36902672896572,97,8.998245826930987,Movie 1719,Animation,Animation,1,66959553,43.31495342181813
5810833,11093751,5.0524604930601935,124,8.059817796912967,Movie 1720,Comedy,Comedy,1,5282918,90.91498585486796
24480675,39823110,5.916487654512169,170,5.17062003463788,Movie 1721,Adventure,Adventure,1,15342435,62.67161751054658
85328141,186027301,62.72840032224129,138,3.0620735788362,Movie 1722,Action,Action,1,100699160,118.01400900085237
29500556,57788415,7.247530542439077,141,6.757044442763368,Movie 1723,Comedy,Comedy,1,28287859,95.88924018923576
33073692,60008594,33.13630768250599,138,7.223480556768647,Movie 1724,Adventure,Adventure,1,26934902,81.43905433962438
38316107,43060059,67.60284263844548,128,6.904816140860278,Movie 1725,Horror,Horror,1,4743952,12.381090803405472
28427110,14357006,34.389422709368404,179,8.807174106979279,Movie 1726,Action,Action,0,-14070104,-49.495372551061294
25192961,23560562,18.780378362569497,142,8.177826163992865,Movie 1727,Comedy,Comedy,0,-1632399,-6.47958372181817
160077599,126887926,28.85371156353032,166,5.692990159083891,Movie 1728,Romance,Romance,0,-33189673,-20.733490011928527
93763660,152151403,46.29995789279275,111,3.377144924834286,Movie 1729,Horror,Horror,1,58387743,62.27118587307705
60844250,123553094,48.06319968019276,89,5.856352617011981,Movie 1730,Science Fiction,Science Fiction,1,62708844,103.0645360900989
188630704,194801290,78.51702290337299,90,7.135464119772139,Movie 1731,Romance,Romance,1,6170586,3.2712521711205618
30263888,86180740,75.26516971371974,149,6.646258849362027,Movie 1732,Science Fiction,Science Fiction,1,55916852,184.76427086962522
43106078,22273139,46.22496265105738,141,6.2288224062653095,Movie 1733,Action,Action,0,-20832939,-48.32946991837207
8281505,20130289,84.72106756077837,126,5.812913748091448,Movie 1734,Drama,Drama,1,11848784,143.0752502111633
39679227,81858718,12.309476720548188,113,4.762571238164318,Movie 1735,Comedy,Comedy,1,42179491,106.30119130092932
39965695,57306290,26.279981672661247,179,4.664080570347776,Movie 1736,Thriller,Thriller,1,17340595,43.388698732750676
172735895,108171080,82.9696698867229,96,6.001388873554811,Movie 1737,Comedy,Comedy,0,-64564815,-37.37776389788585
27540396,56973269,38.42140982398916,133,3.9636188785778943,Movie 1738,Romance,Romance,1,29432873,106.87164048040559
129184994,189131195,98.13697432059035,155,5.0441125414488095,Movie 1739,Science Fiction,Science Fiction,1,59946201,46.40337793412755
15812143,44917046,47.1590748712557,164,4.943875648260597,Movie 1740,Drama,Drama,1,29104903,184.06678335757525
192042885,356234786,79.40162667341265,119,6.522796809505206,Movie 1741,Adventure,Adventure,1,164191901,85.49751843188567
144206866,410863931,40.82839709685482,98,3.4000938021781475,Movie 1742,Science Fiction,Science Fiction,1,266657065,184.91287717188166
48364509,50841218,43.07039838718061,146,7.97801208159057,Movie 1743,Action,Action,1,2476709,5.120922451626667
80146438,185484085,38.90543158113417,161,6.374270282306413,Movie 1744,Animation,Animation,1,105337647,131.43147671765524
178238601,364163305,72.18848643057036,132,7.024960084655612,Movie 1745,,,1,185924704,104.31225500922775
110487327,259481760,55.20427052193945,143,7.218563422556597,Movie 1746,Animation,Animation,1,148994433,134.85205683363125
119633441,124020358,94.43403302546854,162,4.748904821055219,Movie 1747,Romance,Romance,1,4386917,3.666965493369032
127152510,274965559,25.83814133687637,126,5.8222294043092,Movie 1748,Drama,Drama,1,147813049,116.24862851704619
74663899,130296043,10.955710476260991,85,8.737475735218004,Movie 1749,Science Fiction,Science Fiction,1,55632144,74.51009757741154
33735803,79517394,39.93288702482231,95,7.600231427980889,Movie 1750,,,1,45781591,135.70624360119723
16886372,22249679,62.054558057030825,151,8.817341251339112,Movie 1751,,,1,5363307,31.761156274420582
172840476,471014937,86.21909475463401,97,7.47752607087773,Movie 1752,,,1,298174461,172.5142558621512
167674709,119175350,35.27349178135244,131,4.053600838251104,Movie 1753,Drama,Drama,0,-48499359,-28.924671639060367
2656671,6689426,65.7248883613217,127,3.387215303068057,Movie 1754,Romance,Romance,1,4032755,151.79730572585012
90567715,240303233,35.669669421298686,122,6.465968620317982,Movie 1755,,,1,149735518,165.32990591625284
23922481,60837997,62.10473871645135,118,5.146879678215657,Movie 1756,Thriller,Thriller,1,36915516,154.3130748018987
43081603,76763488,88.59598675603443,128,4.652747460829021,Movie 1757,,,1,33681885,78.18159644616752
178715391,285223053,23.90440658368149,91,7.843265978552505,Movie 1758,Adventure,Adventure,1,106507662,59.59624484720513
89785936,268518822,41.01992256859688,89,5.201959602491684,Movie 1759,Science Fiction,Science Fiction,1,178732886,199.06557080387287
91126859,97772729,99.33325444654491,150,4.902005818405824,Movie 1760,Comedy,Comedy,1,6645870,7.292987021532257
21833173,40766680,86.98714579669662,134,8.099925559014062,Movie 1761,Animation,Animation,1,18933507,86.71898949364804
91503568,199174792,56.89934593172399,80,8.077724018918762,Movie 1762,Science Fiction,Science Fiction,1,107671224,117.6688804091224
85483977,192524370,52.14613159357326,128,5.13819982653034,Movie 1763,Animation,Animation,1,107040393,125.21690819321614
155936181,157505158,29.17543784816342,115,7.994992205915797,Movie 1764,Action,Action,1,1568977,1.0061661058635263
144379136,308247323,52.20373334165941,100,8.104670941995963,Movie 1765,Animation,Animation,1,163868187,113.4985230830028
53374647,135887790,84.96996832971477,116,5.543583210177998,Movie 1766,Drama,Drama,1,82513143,154.59239102789758
197460538,123422006,68.83227681450028,103,3.398838781255029,Movie 1767,,,0,-74038532,-37.49535616073324
172432145,479155002,29.714358789620672,134,3.0095078667980406,Movie 1768,Thriller,Thriller,1,306722857,177.88032330050757
155571455,89260699,20.94492818429976,104,6.13975477733397,Movie 1769,Science Fiction,Science Fiction,0,-66310756,-42.62398651474977
135766876,188706125,27.255645162686083,86,5.064452960222134,Movie 1770,Animation,Animation,1,52939249,38.99275770328545
37328139,20139762,17.806160937889825,160,8.982791364950195,Movie 1771,Science Fiction,Science Fiction,0,-17188377,-46.046702194288336
97953082,67868058,10.468428906347878,172,7.634465997763705,Movie 1772,,,0,-30085024,-30.713708426244313
22845218,63462204,42.49448126976344,173,7.567652738102475,Movie 1773,Romance,Romance,1,40616986,177.79207009536964
137991667,191415427,12.216660835428502,150,8.731456609724063,Movie 1774,Romance,Romance,1,53423760,38.715207346542165
36490172,56995051,18.01934321498333,176,8.326346387359925,Movie 1775,,,1,20504879,56.19288119551752
37989387,39446696,55.185143749609125,150,4.909124876738332,Movie 1776,Romance,Romance,1,1457309,3.836095065182284
106600006,212426034,17.295328096257897,103,3.995923329623258,Movie 1777,Romance,Romance,1,105826028,99.27394187951548
14426716,28666000,7.324096975659382,90,7.475353590392894,Movie 1778,Science Fiction,Science Fiction,1,14239284,98.70079926713744
96019914,137356581,32.42149615276064,152,5.269643362097238,Movie 1779,Comedy,Comedy,1,41336667,43.05009792031266
39710304,52917442,22.811590763574785,91,5.839035909785739,Movie 1780,Drama,Drama,1,13207138,33.25871793879996
48718021,132143284,52.0152136114433,114,6.782386387648962,Movie 1781,Horror,Horror,1,83425263,171.24107524810995
27996639,40824995,11.134341373737724,142,8.447236061611445,Movie 1782,Thriller,Thriller,1,12828356,45.82105730620022
88649202,153695773,75.42530798061483,147,5.514526522025796,Movie 1783,Horror,Horror,1,65046571,73.37524707780223
11774986,14227267,90.71711842407872,179,7.699901341316168,Movie 1784,Adventure,Adventure,1,2452281,20.826190366595764
5421590,13374649,74.60008222166324,171,4.610038747647945,Movie 1785,Horror,Horror,1,7953059,146.69237253278098
37089369,55397437,53.74987670273803,136,7.187830745541682,Movie 1786,Thriller,Thriller,1,18308068,49.36203686830046
146763809,261830688,86.20611435709962,92,3.009476526467471,Movie 1787,Drama,Drama,1,115066879,78.4027614055724
102475757,116145297,69.79691959836924,102,8.22904328094381,Movie 1788,Action,Action,1,13669540,13.339291555562745
134313249,398796046,2.0445611225687954,162,3.1822774797267748,Movie 1789,,,1,264482797,196.91489779984403
30221379,37134197,40.014925124675806,118,7.276522528575505,Movie 1790,Comedy,Comedy,1,6912818,22.873933052492408
171482786,416164084,85.2442380412732,167,3.2775491355677038,Movie 1791,Horror,Horror,1,244681298,142.6856325975483
60644300,95135086,35.240026939551655,159,4.59747419636402,Movie 1792,Horror,Horror,1,34490786,56.87391230503114
180142120,182942161,4.4863021790268265,176,5.983214421339318,Movie 1793,Action,Action,1,2800041,1.5543510867974686
166888038,417102757,74.87178421667495,91,5.519632112089429,Movie 1794,Animation,Animation,1,250214719,149.92969058693112
117067598,156170162,80.40178875800399,113,4.151016687606063,Movie 1795,Comedy,Comedy,1,39102564,33.401696684679564
193455542,515168890,16.89877580928755,150,5.0028894702554245,Movie 1796,Drama,Drama,1,321713348,166.29833638986676
58641756,163501599,54.19670918747494,154,7.366238220365802,Movie 1797,Action,Action,1,104859843,178.81429573834725
27552476,73001926,20.00358846057685,110,7.015542555477889,Movie 1798,Animation,Animation,1,45449450,164.95595531958725
143891891,84539333,72.20420748537053,172,3.430887502583494,Movie 1799,Horror,Horror,0,-59352558,-41.2480214051812
118884703,293458967,27.88349506257108,141,7.483894953437318,Movie 1800,Drama,Drama,1,174574264,146.84333610187005
86388417,132031621,32.30529713376968,92,3.3182752871821704,Movie 1801,Adventure,Adventure,1,45643204,52.83486558157444
99023086,265808392,84.65211451037004,110,6.2575583345987065,Movie 1802,Adventure,Adventure,1,166785306,168.4307293755721
183766675,384970171,48.155912868483526,81,4.560376488253144,Movie 1803,Adventure,Adventure,1,201203496,109.48856532339175
127749717,330119044,67.30569067060654,94,6.526140765358913,Movie 1804,Science Fiction,Science Fiction,1,202369327,158.41078301566804
28209162,49325960,40.834932021524295,136,4.567970375645411,Movie 1805,Drama,Drama,1,21116798,74.85794154395653
100898906,185408173,30.502678862181785,154,8.909747817754987,Movie 1806,Science Fiction,Science Fiction,1,84509267,83.75637591154853
58396048,50277191,62.92232798204147,113,4.858369102365192,Movie 1807,Drama,Drama,0,-8118857,-13.903093236720403
111538109,274380223,16.330899833803308,147,4.451763814046976,Movie 1808,Adventure,Adventure,1,162842114,145.99683951966585
112917803,174850285,37.92698372111944,154,4.670791745492076,Movie 1809,Comedy,Comedy,1,61932482,54.84740258362979
135442423,237051368,21.694666701206305,108,8.378837143555772,Movie 1810,Romance,Romance,1,101608945,75.02002899047369
188991004,465436515,69.8837017271338,145,6.817312972016069,Movie 1811,Horror,Horror,1,276445511,146.2744284907868
27267668,54456627,94.47667499626463,95,7.384104584524659,Movie 1812,Comedy,Comedy,1,27188959,99.71134678623783
149281646,149691695,99.55558583357076,118,8.508063060566101,Movie 1813,Science Fiction,Science Fiction,1,410049,0.2746814568215573
193102351,381489460,45.57740423371748,156,8.471234909070045,Movie 1814,Comedy,Comedy,1,188387109,97.5581643747051
193672612,294204606,26.000508574008,116,7.433675079472366,Movie 1815,Romance,Romance,1,100531994,51.90821405351832
59093498,98911515,44.84010766804809,160,4.186946573047937,Movie 1816,Drama,Drama,1,39818017,67.38138432759557
117052051,66810757,84.87967158630966,100,8.060239924050034,Movie 1817,Comedy,Comedy,0,-50241294,-42.922181688213215
98042181,100500429,21.39456217665195,123,4.222656205146382,Movie 1818,Drama,Drama,1,2458248,2.5073371225799232
44353746,53339602,95.25746951363944,98,7.457392884590591,Movie 1819,Comedy,Comedy,1,8985856,20.25951990616531
105003512,239660017,34.84471111101695,150,7.113618399269246,Movie 1820,Thriller,Thriller,1,134656505,128.24000115348525
21610500,11426145,98.59456228558018,87,7.553333100842679,Movie 1821,Adventure,Adventure,0,-10184355,-47.126882765322414
148463424,225952891,84.02227986586226,156,6.196114084282894,Movie 1822,Drama,Drama,1,77489467,52.194314877178094
36402297,102292899,81.04848288059165,145,6.832357093495318,Movie 1823,Thriller,Thriller,1,65890602,181.00671504328423
83030459,64738976,32.47256270355507,120,8.71992048260553,Movie 1824,Science Fiction,Science Fiction,0,-18291483,-22.029846902327733
159581669,285820498,1.868943982845017,154,3.606531565045289,Movie 1825,Thriller,Thriller,1,126238829,79.10609645271977
183341134,452175330,38.8311579737728,167,4.85308364868972,Movie 1826,Action,Action,1,268834196,146.63059518329368
110971388,316970712,30.879127596606672,149,6.668142078590295,Movie 1827,Romance,Romance,1,205999324,185.63282636421562
56229602,133092184,4.702302050470932,140,8.784324780788936,Movie 1828,Science Fiction,Science Fiction,1,76862582,136.69415977726464
134719871,310046179,51.03116039408704,105,3.5734466859756067,Movie 1829,Horror,Horror,1,175326308,130.1413864922718
115533144,296483490,40.90009981699093,150,3.1352953291805186,Movie 1830,Horror,Horror,1,180950346,156.62202181566184
118785367,191898122,63.82109030641095,162,3.334497590821968,Movie 1831,Comedy,Comedy,1,73112755,61.550304424281485
2074961,5217720,62.49744589721424,149,3.314434118767193,Movie 1832,Thriller,Thriller,1,3142759,151.4611117992097
147168299,76514419,12.953916953771332,108,8.446895146664426,Movie 1833,Romance,Romance,0,-70653880,-48.00889898170257
154372879,434004319,97.71958906653563,145,7.327547447602948,Movie 1834,Drama,Drama,1,279631440,181.1402636340027
186683482,300236747,19.50621151470325,98,7.0626381971776695,Movie 1835,Drama,Drama,1,113553265,60.82662685710994
132827271,250173585,45.08212845170575,147,6.135436921570857,Movie 1836,Animation,Animation,1,117346314,88.34504625183483
148084347,168402351,49.32363679993976,137,7.691715701832911,Movie 1837,Comedy,Comedy,1,20318004,13.720561566172826
70583832,166318594,81.4932169241979,149,3.933887956569545,Movie 1838,Science Fiction,Science Fiction,1,95734762,135.63270693492527
124113052,85835285,10.82373001337003,136,5.351647138730624,Movie 1839,,,0,-38277767,-30.841048852783025
115232628,309006606,43.43578364164465,116,5.940025504586061,Movie 1840,Thriller,Thriller,1,193773978,168.15895060555243
124085319,318935511,63.221714853384185,140,3.6624569860603575,Movie 1841,Drama,Drama,1,194850192,157.02920665417318
90858638,94506638,22.3004065407815,171,5.517082256025102,Movie 1842,Science Fiction,Science Fiction,1,3648000,4.0150282684184635
70551130,178022442,63.1193219778412,109,4.899010675575722,Movie 1843,Thriller,Thriller,1,107471312,152.33109944518253
139655405,344375471,92.44281891741562,150,3.213492874760776,Movie 1844,Action,Action,1,204720066,146.58943275414225
131371121,273323068,99.75429498609482,152,3.820412416375412,Movie 1845,Animation,Animation,1,141951947,108.0541491306906
48347699,69320952,4.212656602276896,104,7.5842209390048305,Movie 1846,Action,Action,1,20973253,43.380043794845335
77716230,91607764,24.323234596223077,176,3.1082274570278665,Movie 1847,,,1,13891534,17.874688465974227
6241218,6737138,31.72040446337805,144,8.605519794578168,Movie 1848,,,1,495920,7.94588492182135
27821567,36071285,40.51348394405164,85,3.5185477946834247,Movie 1849,,,1,8249718,29.652240652009286
190700011,526121518,24.98345860089197,97,7.795428565220749,Movie 1850,Thriller,Thriller,1,335421507,175.88961072477338
140698868,97659357,21.14531146097594,89,8.391699245660824,Movie 1851,Horror,Horror,0,-43039511,-30.589806166741866
159209559,409515355,95.5008303993325,171,8.646813509102682,Movie 1852,Comedy,Comedy,1,250305796,157.21781881199735
197915003,271583952,91.93363867428128,90,8.204862140975836,Movie 1853,Drama,Drama,1,73668949,37.22251869910034
129897401,234334715,5.65225759930863,176,4.725300236552659,Movie 1854,Thriller,Thriller,1,104437314,80.39984880067
106644558,265141202,34.542489138879965,144,4.998522788030862,Movie 1855,Romance,Romance,1,158496644,148.62140832352645
190074584,515281052,41.10970681416226,156,5.559274191660456,Movie 1856,Animation,Animation,1,325206468,171.09413639437454
6290717,8567664,24.662438931928392,163,3.835780136442605,Movie 1857,Animation,Animation,1,2276947,36.195349433140926
154876934,256260722,63.25841680182938,144,3.133634730403343,Movie 1858,Drama,Drama,1,101383788,65.46086972511993
1797968,2762200,64.39769391777986,131,8.214729685686208,Movie 1859,Drama,Drama,1,964232,53.62898561042243
193442237,103129392,85.1999186045311,146,6.324772297262738,Movie 1860,Adventure,Adventure,0,-90312845,-46.68724183540123
56940773,70598428,74.34605757013657,161,6.6523376530692975,Movie 1861,Action,Action,1,13657655,23.9857210930382
164381167,270895738,54.7147593696296,157,8.561930848906773,Movie 1862,Romance,Romance,1,106514571,64.79730795438385
154869243,236599011,65.70509023439757,110,6.990721068681694,Movie 1863,Animation,Animation,1,81729768,52.77340188199926
8339838,19221851,28.12488937275879,170,7.145121026038881,Movie 1864,Science Fiction,Science Fiction,1,10882013,130.48230673065834
114900245,167985197,59.71256280676841,96,7.721811890620453,Movie 1865,Science Fiction,Science Fiction,1,53084952,46.20090409728891
84629045,145853176,49.43349822024201,134,3.698090699144423,Movie 1866,Drama,Drama,1,61224131,72.34411188262848
58661940,92335153,14.201102264320667,172,5.160972919282749,Movie 1867,Animation,Animation,1,33673213,57.40214694570278
82576052,194182984,25.011883381714103,115,8.809247566220197,Movie 1868,Comedy,Comedy,1,111606932,135.15653666755588
120245185,319543281,29.877651621437018,105,8.53758046860364,Movie 1869,,,1,199298096,165.74309898562674
77107468,141085284,92.50664713820323,132,8.304451777861109,Movie 1870,Science Fiction,Science Fiction,1,63977816,82.97226930081533
106573072,263617071,23.808277299203056,96,5.712531062033834,Movie 1871,Adventure,Adventure,1,157043999,147.35804838205283
50909831,63228315,29.635146379147148,165,8.143157721520835,Movie 1872,Science Fiction,Science Fiction,1,12318484,24.19667038376144
117387604,217569005,37.5660588788538,104,3.290375291674594,Movie 1873,Romance,Romance,1,100181401,85.34240208190977
43721553,59595750,66.71053112391331,81,3.8911045455427047,Movie 1874,Thriller,Thriller,1,15874197,36.30748660734901
76134271,116904349,12.705600854741911,165,5.483806190904325,Movie 1875,Comedy,Comedy,1,40770078,53.55023101225991
89240465,208022617,95.44057603688384,84,5.900352400092759,Movie 1876,,,1,118782152,133.10346601174703
183273389,495599872,86.69155078938168,83,4.581042921125141,Movie 1877,Adventure,Adventure,1,312326483,170.4156204586799
160772142,129218756,58.14439122788607,115,5.138860025086725,Movie 1878,Horror,Horror,0,-31553386,-19.626152645276072
162149534,338340916,67.72974887507071,85,3.9766566061522126,Movie 1879,Romance,Romance,1,176191382,108.6598139714666
148693733,290749706,2.649386653177383,100,5.934804190295443,Movie 1880,Romance,Romance,1,142055973,95.53595174048122
179939423,143238546,34.55553275949642,156,7.763059757207167,Movie 1881,Thriller,Thriller,0,-36700877,-20.396240239138702
138369610,142484144,79.77036283548276,168,6.968162361967835,Movie 1882,Drama,Drama,1,4114534,2.9735821326662695
33134444,42329458,8.670814405446203,105,3.646753484193248,Movie 1883,Horror,Horror,1,9195014,27.750621075760318
31319320,28730079,28.9490695868613,134,5.925489620380296,Movie 1884,Drama,Drama,0,-2589241,-8.267232494192085
66062907,73285148,58.94438600509682,118,7.185878296678349,Movie 1885,Adventure,Adventure,1,7222241,10.932369355166282
129208997,151045575,26.38488974219524,163,6.179371779323647,Movie 1886,Romance,Romance,1,21836578,16.90019929494538
141955048,190104011,93.4638194403074,112,5.350053579213293,Movie 1887,Comedy,Comedy,1,48148963,33.91845776417898
171161543,406247837,13.974804449624749,93,6.731486527703269,Movie 1888,Adventure,Adventure,1,235086294,137.34761318434715
158991690,306819064,79.94204143287008,135,8.811831991801654,Movie 1889,Drama,Drama,1,147827374,92.97805061384025
185713429,550754842,51.28692049873442,179,3.569447458596468,Movie 1890,Horror,Horror,1,365041413,196.5616676002466
183236247,281604714,75.28274680617564,160,5.340096364485364,Movie 1891,Thriller,Thriller,1,98368467,53.68395642811872
90859624,216669554,31.760817502833294,100,5.439635118276573,Movie 1892,Thriller,Thriller,1,125809930,138.466267480922
174054539,466234855,51.93447062889184,125,6.461803862810227,Movie 1893,Thriller,Thriller,1,292180316,167.86710514915097
37097069,81518814,85.82669962259446,95,3.9130476112915074,Movie 1894,Horror,Horror,1,44421745,119.74462187295714
76142815,116472759,47.220931813187335,95,4.059858179222817,Movie 1895,Comedy,Comedy,1,40329944,52.96618466233485
79888398,190452868,36.61226632911669,163,4.712168315987128,Movie 1896,Comedy,Comedy,1,110564470,138.39865708660224
193656693,195432107,54.07938323902087,108,8.735220259611118,Movie 1897,Thriller,Thriller,1,1775414,0.9167842187618064
99138203,130751434,72.01891255060032,171,7.404651487385416,Movie 1898,Horror,Horror,1,31613231,31.888041182267546
65274067,121847958,44.91277120435177,87,6.970159810149019,Movie 1899,Adventure,Adventure,1,56573891,86.67131312654381
144952544,280993908,93.94882053908502,167,7.901746124365573,Movie 1900,Horror,Horror,1,136041364,93.85234659972576
111830503,62105482,30.19963658019186,82,3.7654588135001577,Movie 1901,Science Fiction,Science Fiction,0,-49725021,-44.4646314431761
42965471,123000926,48.070897010742925,168,8.15599691834251,Movie 1902,Action,Action,1,80035455,186.2785467893509
17052465,38224262,75.9358382748027,98,6.568996283325024,Movie 1903,Comedy,Comedy,1,21171797,124.15681251948033
60963387,106031142,69.22298795908006,176,5.011974044753613,Movie 1904,Drama,Drama,1,45067755,73.92593689061272
43590048,123482676,86.50046418929846,145,7.895131534474142,Movie 1905,Romance,Romance,1,79892628,183.2818078108104
77070913,123139196,99.6841088874298,158,7.815387206091744,Movie 1906,Thriller,Thriller,1,46068283,59.77389031319766
148069152,436965234,43.258974550713866,165,8.074251490300362,Movie 1907,Comedy,Comedy,1,288896082,195.10889209387787
109948256,195786167,12.003937098547873,153,3.693107400641893,Movie 1908,Horror,Horror,1,85837911,78.07118923286968
33356072,26208346,4.011172199988829,161,8.816167469974657,Movie 1909,Action,Action,0,-7147726,-21.428560293310316
164753932,397386884,72.96081370783739,101,8.757756922738388,Movie 1910,Comedy,Comedy,1,232632952,141.20024279602626
86936029,191019695,87.52735345956285,125,5.1448178730104495,Movie 1911,Animation,Animation,1,104083666,119.72443093760357
143606240,349317411,22.85054600849745,170,3.395364109271518,Movie 1912,Science Fiction,Science Fiction,1,205711171,143.24667994928356
52599948,151414477,16.68635568180069,92,4.002334016812714,Movie 1913,Comedy,Comedy,1,98814529,187.86050701038718
70056627,171023867,7.158304061043407,112,8.956984952668183,Movie 1914,Horror,Horror,1,100967240,144.122325501055
195567833,396678352,82.44758925000343,84,6.378077659029978,Movie 1915,Animation,Animation,1,201110519,102.83415013347312
95159765,251533166,31.82681204936585,169,5.139730792956312,Movie 1916,Comedy,Comedy,1,156373401,164.3272248518058
42208934,92147003,40.76799238321787,156,4.729216163100233,Movie 1917,Action,Action,1,49938069,118.31160910152339
34138881,51901260,50.77226896935162,106,4.5419504118656855,Movie 1918,Animation,Animation,1,17762379,52.029763365706096
172654309,468592325,84.10587018674552,157,6.984916590326892,Movie 1919,,,1,295938016,171.40494072464764
22650278,23890406,65.43248893458701,103,5.516326989118116,Movie 1920,Adventure,Adventure,1,1240128,5.475111607901678
58376857,133484707,61.89139835592332,146,8.79246419621167,Movie 1921,Adventure,Adventure,1,75107850,128.6603182490623
9439469,25523461,18.39153789563516,142,7.103058183872169,Movie 1922,Comedy,Comedy,1,16083992,170.39085567207223
25455289,59267327,51.805799279273145,173,7.752267546293767,Movie 1923,Romance,Romance,1,33812038,132.8291263949115
39400142,88381947,71.82272070068687,178,4.75644929149896,Movie 1924,Science Fiction,Science Fiction,1,48981805,124.31885397773439
55332385,131779372,97.35282742001868,127,3.475118454651755,Movie 1925,Comedy,Comedy,1,76446987,138.15957327702392
177881769,295753010,20.93922461212187,142,5.926937024291286,Movie 1926,Comedy,Comedy,1,117871241,66.26381200425323
183461302,492671879,1.9447919536554377,157,4.887489279277363,Movie 1927,,,1,309210577,168.5426701048922
195929067,197612330,8.454841926248506,91,4.212498990047542,Movie 1928,Drama,Drama,1,1683263,0.8591185707019163
181679984,148698897,38.20939405301594,107,8.715852784805168,Movie 1929,Science Fiction,Science Fiction,0,-32981087,-18.153396028480493
61344167,74457829,82.23392012685272,123,5.6639292860521815,Movie 1930,Action,Action,1,13113662,21.377194672804016
50092554,91616450,1.7070660950562595,172,4.048251552292713,Movie 1931,,,1,41523896,82.89434793043293
82500098,146553544,46.21632869569819,122,4.191903916086835,Movie 1932,Drama,Drama,1,64053446,77.6404483786189
92144826,235107237,33.593830918798055,96,4.684258454787564,Movie 1933,Horror,Horror,1,142962411,155.1496890340864
136661445,206553065,6.19568929987303,119,8.995897609138277,Movie 1934,Action,Action,1,69891620,51.14216376096419
139627080,238882534,45.57339238058911,128,4.608069003117584,Movie 1935,Science Fiction,Science Fiction,1,99255454,71.08610593303247
178366431,95144080,26.220122026335165,164,4.972810827470722,Movie 1936,Romance,Romance,0,-83222351,-46.65807940060201
93601713,142681592,35.83659860035364,136,6.955968767904008,Movie 1937,Adventure,Adventure,1,49079879,52.4348085381728
43307399,91787242,70.855915173645,166,4.7637682584617895,Movie 1938,Romance,Romance,1,48479843,111.94355726604593
115190001,62061012,52.63354740718575,163,4.29482550635816,Movie 1939,,,0,-53128989,-46.12291738759512
2308507,2775298,13.34009547028852,143,3.951823119897592,Movie 1940,Animation,Animation,1,466791,20.220471499544946
144549523,147424742,96.18003950194029,154,4.876095990166753,Movie 1941,Comedy,Comedy,1,2875219,1.9890892341443422
116750205,70629621,63.9551658052641,136,3.635494137772641,Movie 1942,Romance,Romance,0,-46120584,-39.50364284156932
10986298,18656384,76.82097414059062,177,3.1118795184886974,Movie 1943,Thriller,Thriller,1,7670086,69.81501867143965
76655174,73152663,8.84210185082871,153,7.827850184008064,Movie 1944,Science Fiction,Science Fiction,0,-3502511,-4.569177548276128
154846218,365081524,5.65877956654187,153,3.8273696544874594,Movie 1945,Horror,Horror,1,210235306,135.77038478266223
86111891,225597629,2.925356986440036,149,7.655861098891454,Movie 1946,Horror,Horror,1,139485738,161.9819706432878
151220165,281868785,19.690608749571,179,7.785254873919959,Movie 1947,Drama,Drama,1,130648620,86.39629509728415
21606265,63830704,42.02643137413102,167,6.227517157975459,Movie 1948,Drama,Drama,1,42224439,195.42683106034292
146309717,237928339,93.64678720687948,155,4.858091749877708,Movie 1949,Animation,Animation,1,91618622,62.619642685796464
64644057,115287538,46.24890626731185,122,3.8701964024993303,Movie 1950,,,1,50643481,78.34205238696576
187418046,557202169,29.73525543188041,102,7.420830640325994,Movie 1951,Adventure,Adventure,1,369784123,197.3044383356766
80790594,87162636,56.63159009844667,106,6.608321915890716,Movie 1952,Action,Action,1,6372042,7.887108739415878
176037566,502827515,12.081523235344134,137,6.932720738961384,Movie 1953,Action,Action,1,326789949,185.63648454444092
114398568,69450671,61.34108320949333,116,3.052014539070786,Movie 1954,Horror,Horror,0,-44947897,-39.290611574788244
168501499,272292899,57.27476347871983,85,8.565102094246948,Movie 1955,Adventure,Adventure,1,103791400,61.59672205646075
190363049,128496729,79.40731030716526,144,3.397741124679301,Movie 1956,Action,Action,0,-61866320,-32.4991222429937
5755469,13370454,98.6820735500854,85,5.200835310840034,Movie 1957,Animation,Animation,1,7614985,132.30867892781632
83162634,168073541,25.836473699894945,129,5.416269897910201,Movie 1958,Animation,Animation,1,84910907,102.10223379889578
161316369,365637368,51.4559886295723,101,3.008133146987693,Movie 1959,,,1,204320999,126.65856556689545
133193291,191292337,90.97767522558136,167,5.982535856104782,Movie 1960,,,1,58099046,43.62009945380807
109637707,156091733,78.73379855786129,104,7.5168539670660595,Movie 1961,Romance,Romance,1,46454026,42.3704829945048
149368268,91607289,49.25322400697995,158,7.939611918688633,Movie 1962,Comedy,Comedy,0,-57760979,-38.670180603553625
180439128,248078963,94.591793311863,169,8.276381959835305,Movie 1963,Horror,Horror,1,67639835,37.48623469295418
137210553,387375715,6.666432658164128,151,5.926313209892217,Movie 1964,,,1,250165162,182.32210025419838
71941842,104176560,93.16886335154582,130,6.783817143177902,Movie 1965,Drama,Drama,1,32234718,44.80663422546228
165777526,427443966,6.000231845897848,167,3.477118279778993,Movie 1966,Action,Action,1,261666440,157.84192605214776
141370669,368385634,55.18316966735375,127,5.928229345690499,Movie 1967,Drama,Drama,1,227014965,160.5813756175972
105779107,151592344,89.1536538521075,149,3.928894529230412,Movie 1968,Drama,Drama,1,45813237,43.310289053584086
171503798,356723046,27.00937341256898,178,5.217858705735129,Movie 1969,Science Fiction,Science Fiction,1,185219248,107.99716983527094
145773814,107643612,47.75260139557069,144,4.975831877187596,Movie 1970,Romance,Romance,0,-38130202,-26.15709979297105
188525407,143127820,33.1085590345597,139,5.5412434634490495,Movie 1971,Romance,Romance,0,-45397587,-24.080354856361616
158507371,98535181,95.2622477905588,125,6.429819707844795,Movie 1972,Science Fiction,Science Fiction,0,-59972190,-37.83558431487707
90597893,176895804,82.54091388055599,115,8.417259882377975,Movie 1973,Drama,Drama,1,86297911,95.25377262360837
137158097,214676759,71.19114962131158,137,5.366907788085032,Movie 1974,Drama,Drama,1,77518662,56.51774389958181
122388754,228876870,59.17507167489576,155,8.886787174269305,Movie 1975,Science Fiction,Science Fiction,1,106488116,87.00808899484343
176899285,318893329,82.23858714309067,117,7.554168288307217,Movie 1976,Comedy,Comedy,1,141994044,80.26829729696195
86103140,118435512,39.83443711083116,90,6.0688862807303,Movie 1977,Adventure,Adventure,1,32332372,37.5507466975072
183444343,402418835,45.307633655500126,91,6.864158622671664,Movie 1978,Adventure,Adventure,1,218974492,119.36835359376549
161172904,386211329,73.27017038700528,121,3.613345026791667,Movie 1979,Action,Action,1,225038425,139.62547017208303
109772994,58900966,36.41772156607771,118,8.067129187881928,Movie 1980,Drama,Drama,0,-50872028,-46.342935676875136
82718171,84215845,7.326193262789008,150,6.494144730383795,Movie 1981,Animation,Animation,1,1497674,1.8105743658186058
52721929,120368891,8.359126279721075,90,8.91640488125761,Movie 1982,Science Fiction,Science Fiction,1,67646962,128.30896608506112
122381618,179478814,12.420917329264682,115,6.818572462517095,Movie 1983,Comedy,Comedy,1,57097196,46.65504258981116
142996476,308330412,87.09845101102262,131,8.00466949959795,Movie 1984,Romance,Romance,1,165333936,115.6209863521392
42654364,58325860,47.75041614986423,110,7.798576456771438,Movie 1985,,,1,15671496,36.740662690457654
187400693,276769812,71.5753545651289,112,5.072766908809613,Movie 1986,Thriller,Thriller,1,89369119,47.68878789578436
132651518,118948242,39.89802422488443,92,4.55766375139927,Movie 1987,Action,Action,0,-13703276,-10.330282085426266
70055694,80254230,26.612383794147814,97,5.58296150058906,Movie 1988,Romance,Romance,1,10198536,14.557754577379534
33997728,68455424,35.37202458865898,120,5.803448066453023,Movie 1989,Action,Action,1,34457696,101.35293746688015
121054662,191618366,79.62405218640117,137,4.440508211619863,Movie 1990,Horror,Horror,1,70563704,58.29077776451105
108902283,265259466,62.89639637811238,135,8.36758724010583,Movie 1991,Comedy,Comedy,1,156357183,143.5756704935194
100989204,265749291,93.82633821583232,103,6.255287173803876,Movie 1992,Romance,Romance,1,164760087,163.14623788895298
171377374,317753538,68.29077307910656,152,8.870666352921418,Movie 1993,Animation,Animation,1,146376164,85.41160398454932
176695801,423304516,57.4479815437147,110,7.86010666827758,Movie 1994,Animation,Animation,1,246608715,139.5668225302083
145934935,184937692,61.40940488959761,134,6.334229162351676,Movie 1995,Comedy,Comedy,1,39002757,26.726127640376173
17169764,26397276,94.29477250737304,89,8.682241668866155,Movie 1996,Comedy,Comedy,1,9227512,53.7428004252126
144602179,329974102,79.0318920568039,139,6.029248890571843,Movie 1997,Science Fiction,Science Fiction,1,185371923,128.19441884067322
77123517,113026826,3.380082499277344,81,8.322639075112022,Movie 1998,Comedy,Comedy,1,35903309,46.552997576601705
21808635,42990540,53.87982991743402,94,5.148868687174833,Movie 1999,Animation,Animation,1,21181905,97.12623004603452
173267671,166931609,69.14550274310992,82,5.271854300424565,Movie 2000,Horror,Horror,0,-6336062,-3.65680565995488
